Workbook

Sheet ANNUAL TOTAL
B1: FHSIS REPORT for the MONTH: JANUARY TO DECEMBER YEAR: 2023 | AK1: A2
B2: Name of Health Facility: RHU TRENTO
B3: Name of Barangay:
B4: Name of Municipality/City: TRENTO
B5: Name of Province: AGUSAN DEL SUR
B6: Projected Population of the Year: 57,388
B7: For submission to the next administrative level
A8: Disease | B8: ICD-10 Code | C8: 0-6 days | E8: 7-28 days | G8: 29 days- 11 mos | I8: 1-4 y/o | K8: 5-9 y/o | M8: 10-14 y/o | O8: 15-19 y/o | Q8: 20-24 y/o | S8: 25-29 y/o | U8: 30-34 y/o | W8: 35-39 y/o | Y8: 40-44 y/o | AA8: 45-49 y/o | AC8: 50-54 y/o | AE8: 55-59 y/o | AG8: 60-64 y/o | AI8: 65-69 y/o | AK8: ≥ 70 y/o | AM8: Total | AO8: TOTAL Both Sex
C9: M | D9: F | E9: M | F9: F | G9: M | H9: F | I9: M | J9: F | K9: M | L9: F | M9: M | N9: F | O9: M | P9: F | Q9: M | R9: F | S9: M | T9: F | U9: M | V9: F | W9: M | X9: F | Y9: M | Z9: F | AA9: M | AB9: F | AC9: M | AD9: F | AE9: M | AF9: F | AG9: M | AH9: F | AI9: M | AJ9: F | AK9: M | AL9: F | AM9: M | AN9: F
B10: SECTION A.1 MORBIDITY
A11: Other Diseases
A12: FOLLICULITIS | C12: ='1ST QUARTER'!C12+'2ND QUARTER'!C12+'3RD QUARTER'!C12+'4TH QUARTER'!C12 -> 0 | D12: ='1ST QUARTER'!D12+'2ND QUARTER'!D12+'3RD QUARTER'!D12+'4TH QUARTER'!D12 -> 0 | E12: ='1ST QUARTER'!E12+'2ND QUARTER'!E12+'3RD QUARTER'!E12+'4TH QUARTER'!E12 -> 0 | F12: ='1ST QUARTER'!F12+'2ND QUARTER'!F12+'3RD QUARTER'!F12+'4TH QUARTER'!F12 -> 0 | G12: ='1ST QUARTER'!G12+'2ND QUARTER'!G12+'3RD QUARTER'!G12+'4TH QUARTER'!G12 -> 0 | H12: ='1ST QUARTER'!H12+'2ND QUARTER'!H12+'3RD QUARTER'!H12+'4TH QUARTER'!H12 -> 0 | I12: ='1ST QUARTER'!I12+'2ND QUARTER'!I12+'3RD QUARTER'!I12+'4TH QUARTER'!I12 -> 0 | J12: ='1ST QUARTER'!J12+'2ND QUARTER'!J12+'3RD QUARTER'!J12+'4TH QUARTER'!J12 -> 0 | ... AL12: ='1ST QUARTER'!AL12+'2ND QUARTER'!AL12+'3RD QUARTER'!AL12+'4TH QUARTER'!AL12 -> 0 | AM12: =C12+E12+G12+I12+K12+M12+O12+Q12+S12+U12+W12+Y12+AA12+AC12+AE12+AG12+AI12+AK12 -> 0 | AN12: =D12+F12+H12+J12+L12+N12+P12+R12+T12+V12+X12+Z12+AB12+AD12+AF12+AH12+AJ12+AL12 -> 2 | AO12: =AM12+AN12 -> 2
A13: FRACTURE | C13: ='1ST QUARTER'!C13+'2ND QUARTER'!C13+'3RD QUARTER'!C13+'4TH QUARTER'!C13 -> 0 | D13: ='1ST QUARTER'!D13+'2ND QUARTER'!D13+'3RD QUARTER'!D13+'4TH QUARTER'!D13 -> 0 | E13: ='1ST QUARTER'!E13+'2ND QUARTER'!E13+'3RD QUARTER'!E13+'4TH QUARTER'!E13 -> 0 | F13: ='1ST QUARTER'!F13+'2ND QUARTER'!F13+'3RD QUARTER'!F13+'4TH QUARTER'!F13 -> 0 | G13: ='1ST QUARTER'!G13+'2ND QUARTER'!G13+'3RD QUARTER'!G13+'4TH QUARTER'!G13 -> 0 | H13: ='1ST QUARTER'!H13+'2ND QUARTER'!H13+'3RD QUARTER'!H13+'4TH QUARTER'!H13 -> 0 | I13: ='1ST QUARTER'!I13+'2ND QUARTER'!I13+'3RD QUARTER'!I13+'4TH QUARTER'!I13 -> 0 | J13: ='1ST QUARTER'!J13+'2ND QUARTER'!J13+'3RD QUARTER'!J13+'4TH QUARTER'!J13 -> 0 | ... AL13: ='1ST QUARTER'!AL13+'2ND QUARTER'!AL13+'3RD QUARTER'!AL13+'4TH QUARTER'!AL13 -> 0 | AM13: =C13+E13+G13+I13+K13+M13+O13+Q13+S13+U13+W13+Y13+AA13+AC13+AE13+AG13+AI13+AK13 -> 0 | AN13: =D13+F13+H13+J13+L13+N13+P13+R13+T13+V13+X13+Z13+AB13+AD13+AF13+AH13+AJ13+AL13 -> 0 | AO13: =AM13+AN13 -> 0
A14: IMPACTED CERUMEN | C14: ='1ST QUARTER'!C14+'2ND QUARTER'!C14+'3RD QUARTER'!C14+'4TH QUARTER'!C14 -> 0 | D14: ='1ST QUARTER'!D14+'2ND QUARTER'!D14+'3RD QUARTER'!D14+'4TH QUARTER'!D14 -> 0 | E14: ='1ST QUARTER'!E14+'2ND QUARTER'!E14+'3RD QUARTER'!E14+'4TH QUARTER'!E14 -> 0 | F14: ='1ST QUARTER'!F14+'2ND QUARTER'!F14+'3RD QUARTER'!F14+'4TH QUARTER'!F14 -> 0 | G14: ='1ST QUARTER'!G14+'2ND QUARTER'!G14+'3RD QUARTER'!G14+'4TH QUARTER'!G14 -> 0 | H14: ='1ST QUARTER'!H14+'2ND QUARTER'!H14+'3RD QUARTER'!H14+'4TH QUARTER'!H14 -> 0 | I14: ='1ST QUARTER'!I14+'2ND QUARTER'!I14+'3RD QUARTER'!I14+'4TH QUARTER'!I14 -> 0 | J14: ='1ST QUARTER'!J14+'2ND QUARTER'!J14+'3RD QUARTER'!J14+'4TH QUARTER'!J14 -> 0 | ... AL14: ='1ST QUARTER'!AL14+'2ND QUARTER'!AL14+'3RD QUARTER'!AL14+'4TH QUARTER'!AL14 -> 0 | AM14: =C14+E14+G14+I14+K14+M14+O14+Q14+S14+U14+W14+Y14+AA14+AC14+AE14+AG14+AI14+AK14 -> 0 | AN14: =D14+F14+H14+J14+L14+N14+P14+R14+T14+V14+X14+Z14+AB14+AD14+AF14+AH14+AJ14+AL14 -> 0 | AO14: =AM14+AN14 -> 0
A15: FATIGUE SYNCOPE | C15: ='1ST QUARTER'!C15+'2ND QUARTER'!C15+'3RD QUARTER'!C15+'4TH QUARTER'!C15 -> 0 | D15: ='1ST QUARTER'!D15+'2ND QUARTER'!D15+'3RD QUARTER'!D15+'4TH QUARTER'!D15 -> 0 | E15: ='1ST QUARTER'!E15+'2ND QUARTER'!E15+'3RD QUARTER'!E15+'4TH QUARTER'!E15 -> 0 | F15: ='1ST QUARTER'!F15+'2ND QUARTER'!F15+'3RD QUARTER'!F15+'4TH QUARTER'!F15 -> 0 | G15: ='1ST QUARTER'!G15+'2ND QUARTER'!G15+'3RD QUARTER'!G15+'4TH QUARTER'!G15 -> 0 | H15: ='1ST QUARTER'!H15+'2ND QUARTER'!H15+'3RD QUARTER'!H15+'4TH QUARTER'!H15 -> 0 | I15: ='1ST QUARTER'!I15+'2ND QUARTER'!I15+'3RD QUARTER'!I15+'4TH QUARTER'!I15 -> 0 | J15: ='1ST QUARTER'!J15+'2ND QUARTER'!J15+'3RD QUARTER'!J15+'4TH QUARTER'!J15 -> 0 | ... AL15: ='1ST QUARTER'!AL15+'2ND QUARTER'!AL15+'3RD QUARTER'!AL15+'4TH QUARTER'!AL15 -> 0 | AM15: =C15+E15+G15+I15+K15+M15+O15+Q15+S15+U15+W15+Y15+AA15+AC15+AE15+AG15+AI15+AK15 -> 0 | AN15: =D15+F15+H15+J15+L15+N15+P15+R15+T15+V15+X15+Z15+AB15+AD15+AF15+AH15+AJ15+AL15 -> 0 | AO15: =AM15+AN15 -> 0
A16: INFECTED ORAL AREA | C16: ='1ST QUARTER'!C16+'2ND QUARTER'!C16+'3RD QUARTER'!C16+'4TH QUARTER'!C16 -> 0 | D16: ='1ST QUARTER'!D16+'2ND QUARTER'!D16+'3RD QUARTER'!D16+'4TH QUARTER'!D16 -> 0 | E16: ='1ST QUARTER'!E16+'2ND QUARTER'!E16+'3RD QUARTER'!E16+'4TH QUARTER'!E16 -> 0 | F16: ='1ST QUARTER'!F16+'2ND QUARTER'!F16+'3RD QUARTER'!F16+'4TH QUARTER'!F16 -> 0 | G16: ='1ST QUARTER'!G16+'2ND QUARTER'!G16+'3RD QUARTER'!G16+'4TH QUARTER'!G16 -> 0 | H16: ='1ST QUARTER'!H16+'2ND QUARTER'!H16+'3RD QUARTER'!H16+'4TH QUARTER'!H16 -> 0 | I16: ='1ST QUARTER'!I16+'2ND QUARTER'!I16+'3RD QUARTER'!I16+'4TH QUARTER'!I16 -> 0 | J16: ='1ST QUARTER'!J16+'2ND QUARTER'!J16+'3RD QUARTER'!J16+'4TH QUARTER'!J16 -> 0 | ... AL16: ='1ST QUARTER'!AL16+'2ND QUARTER'!AL16+'3RD QUARTER'!AL16+'4TH QUARTER'!AL16 -> 0 | AM16: =C16+E16+G16+I16+K16+M16+O16+Q16+S16+U16+W16+Y16+AA16+AC16+AE16+AG16+AI16+AK16 -> 0 | AN16: =D16+F16+H16+J16+L16+N16+P16+R16+T16+V16+X16+Z16+AB16+AD16+AF16+AH16+AJ16+AL16 -> 0 | AO16: =AM16+AN16 -> 0
A17: NON ULCER DYSPEPSIA | C17: ='1ST QUARTER'!C17+'2ND QUARTER'!C17+'3RD QUARTER'!C17+'4TH QUARTER'!C17 -> 0 | D17: ='1ST QUARTER'!D17+'2ND QUARTER'!D17+'3RD QUARTER'!D17+'4TH QUARTER'!D17 -> 0 | E17: ='1ST QUARTER'!E17+'2ND QUARTER'!E17+'3RD QUARTER'!E17+'4TH QUARTER'!E17 -> 0 | F17: ='1ST QUARTER'!F17+'2ND QUARTER'!F17+'3RD QUARTER'!F17+'4TH QUARTER'!F17 -> 0 | G17: ='1ST QUARTER'!G17+'2ND QUARTER'!G17+'3RD QUARTER'!G17+'4TH QUARTER'!G17 -> 0 | H17: ='1ST QUARTER'!H17+'2ND QUARTER'!H17+'3RD QUARTER'!H17+'4TH QUARTER'!H17 -> 0 | I17: ='1ST QUARTER'!I17+'2ND QUARTER'!I17+'3RD QUARTER'!I17+'4TH QUARTER'!I17 -> 0 | J17: ='1ST QUARTER'!J17+'2ND QUARTER'!J17+'3RD QUARTER'!J17+'4TH QUARTER'!J17 -> 0 | ... AL17: ='1ST QUARTER'!AL17+'2ND QUARTER'!AL17+'3RD QUARTER'!AL17+'4TH QUARTER'!AL17 -> 0 | AM17: =C17+E17+G17+I17+K17+M17+O17+Q17+S17+U17+W17+Y17+AA17+AC17+AE17+AG17+AI17+AK17 -> 6 | AN17: =D17+F17+H17+J17+L17+N17+P17+R17+T17+V17+X17+Z17+AB17+AD17+AF17+AH17+AJ17+AL17 -> 6 | AO17: =AM17+AN17 -> 12
A18: TINEA CAPITIS | C18: ='1ST QUARTER'!C18+'2ND QUARTER'!C18+'3RD QUARTER'!C18+'4TH QUARTER'!C18 -> 0 | D18: ='1ST QUARTER'!D18+'2ND QUARTER'!D18+'3RD QUARTER'!D18+'4TH QUARTER'!D18 -> 0 | E18: ='1ST QUARTER'!E18+'2ND QUARTER'!E18+'3RD QUARTER'!E18+'4TH QUARTER'!E18 -> 0 | F18: ='1ST QUARTER'!F18+'2ND QUARTER'!F18+'3RD QUARTER'!F18+'4TH QUARTER'!F18 -> 0 | G18: ='1ST QUARTER'!G18+'2ND QUARTER'!G18+'3RD QUARTER'!G18+'4TH QUARTER'!G18 -> 0 | H18: ='1ST QUARTER'!H18+'2ND QUARTER'!H18+'3RD QUARTER'!H18+'4TH QUARTER'!H18 -> 0 | I18: ='1ST QUARTER'!I18+'2ND QUARTER'!I18+'3RD QUARTER'!I18+'4TH QUARTER'!I18 -> 0 | J18: ='1ST QUARTER'!J18+'2ND QUARTER'!J18+'3RD QUARTER'!J18+'4TH QUARTER'!J18 -> 0 | ... AL18: ='1ST QUARTER'!AL18+'2ND QUARTER'!AL18+'3RD QUARTER'!AL18+'4TH QUARTER'!AL18 -> 0 | AM18: =C18+E18+G18+I18+K18+M18+O18+Q18+S18+U18+W18+Y18+AA18+AC18+AE18+AG18+AI18+AK18 -> 0 | AN18: =D18+F18+H18+J18+L18+N18+P18+R18+T18+V18+X18+Z18+AB18+AD18+AF18+AH18+AJ18+AL18 -> 0 | AO18: =AM18+AN18 -> 0
A19: Bells Palsy | C19: ='1ST QUARTER'!C19+'2ND QUARTER'!C19+'3RD QUARTER'!C19+'4TH QUARTER'!C19 -> 0 | D19: ='1ST QUARTER'!D19+'2ND QUARTER'!D19+'3RD QUARTER'!D19+'4TH QUARTER'!D19 -> 0 | E19: ='1ST QUARTER'!E19+'2ND QUARTER'!E19+'3RD QUARTER'!E19+'4TH QUARTER'!E19 -> 0 | F19: ='1ST QUARTER'!F19+'2ND QUARTER'!F19+'3RD QUARTER'!F19+'4TH QUARTER'!F19 -> 0 | G19: ='1ST QUARTER'!G19+'2ND QUARTER'!G19+'3RD QUARTER'!G19+'4TH QUARTER'!G19 -> 0 | H19: ='1ST QUARTER'!H19+'2ND QUARTER'!H19+'3RD QUARTER'!H19+'4TH QUARTER'!H19 -> 0 | I19: ='1ST QUARTER'!I19+'2ND QUARTER'!I19+'3RD QUARTER'!I19+'4TH QUARTER'!I19 -> 0 | J19: ='1ST QUARTER'!J19+'2ND QUARTER'!J19+'3RD QUARTER'!J19+'4TH QUARTER'!J19 -> 0 | ... AL19: ='1ST QUARTER'!AL19+'2ND QUARTER'!AL19+'3RD QUARTER'!AL19+'4TH QUARTER'!AL19 -> 0 | AM19: =C19+E19+G19+I19+K19+M19+O19+Q19+S19+U19+W19+Y19+AA19+AC19+AE19+AG19+AI19+AK19 -> 0 | AN19: =D19+F19+H19+J19+L19+N19+P19+R19+T19+V19+X19+Z19+AB19+AD19+AF19+AH19+AJ19+AL19 -> 0 | AO19: =AM19+AN19 -> 0
A20: A
A21: ACUTE GASTRITIS | C21: ='1ST QUARTER'!C21+'2ND QUARTER'!C21+'3RD QUARTER'!C21+'4TH QUARTER'!C21 -> 0 | D21: ='1ST QUARTER'!D21+'2ND QUARTER'!D21+'3RD QUARTER'!D21+'4TH QUARTER'!D21 -> 0 | E21: ='1ST QUARTER'!E21+'2ND QUARTER'!E21+'3RD QUARTER'!E21+'4TH QUARTER'!E21 -> 0 | F21: ='1ST QUARTER'!F21+'2ND QUARTER'!F21+'3RD QUARTER'!F21+'4TH QUARTER'!F21 -> 0 | G21: ='1ST QUARTER'!G21+'2ND QUARTER'!G21+'3RD QUARTER'!G21+'4TH QUARTER'!G21 -> 0 | H21: ='1ST QUARTER'!H21+'2ND QUARTER'!H21+'3RD QUARTER'!H21+'4TH QUARTER'!H21 -> 0 | I21: ='1ST QUARTER'!I21+'2ND QUARTER'!I21+'3RD QUARTER'!I21+'4TH QUARTER'!I21 -> 6 | J21: ='1ST QUARTER'!J21+'2ND QUARTER'!J21+'3RD QUARTER'!J21+'4TH QUARTER'!J21 -> 4 | ... AL21: ='1ST QUARTER'!AL21+'2ND QUARTER'!AL21+'3RD QUARTER'!AL21+'4TH QUARTER'!AL21 -> 1 | AM21: =C21+E21+G21+I21+K21+M21+O21+Q21+S21+U21+W21+Y21+AA21+AC21+AE21+AG21+AI21+AK21 -> 24 | AN21: =D21+F21+H21+J21+L21+N21+P21+R21+T21+V21+X21+Z21+AB21+AD21+AF21+AH21+AJ21+AL21 -> 31 | AO21: =AM21+AN21 -> 55
A22: ASTHMA | C22: ='1ST QUARTER'!C22+'2ND QUARTER'!C22+'3RD QUARTER'!C22+'4TH QUARTER'!C22 -> 0 | D22: ='1ST QUARTER'!D22+'2ND QUARTER'!D22+'3RD QUARTER'!D22+'4TH QUARTER'!D22 -> 0 | E22: ='1ST QUARTER'!E22+'2ND QUARTER'!E22+'3RD QUARTER'!E22+'4TH QUARTER'!E22 -> 0 | F22: ='1ST QUARTER'!F22+'2ND QUARTER'!F22+'3RD QUARTER'!F22+'4TH QUARTER'!F22 -> 0 | G22: ='1ST QUARTER'!G22+'2ND QUARTER'!G22+'3RD QUARTER'!G22+'4TH QUARTER'!G22 -> 0 | H22: ='1ST QUARTER'!H22+'2ND QUARTER'!H22+'3RD QUARTER'!H22+'4TH QUARTER'!H22 -> 0 | I22: ='1ST QUARTER'!I22+'2ND QUARTER'!I22+'3RD QUARTER'!I22+'4TH QUARTER'!I22 -> 0 | J22: ='1ST QUARTER'!J22+'2ND QUARTER'!J22+'3RD QUARTER'!J22+'4TH QUARTER'!J22 -> 0 | ... AL22: ='1ST QUARTER'!AL22+'2ND QUARTER'!AL22+'3RD QUARTER'!AL22+'4TH QUARTER'!AL22 -> 0 | AM22: =C22+E22+G22+I22+K22+M22+O22+Q22+S22+U22+W22+Y22+AA22+AC22+AE22+AG22+AI22+AK22 -> 1 | AN22: =D22+F22+H22+J22+L22+N22+P22+R22+T22+V22+X22+Z22+AB22+AD22+AF22+AH22+AJ22+AL22 -> 0 | AO22: =AM22+AN22 -> 1
A23: ACUTE PYELONEPHRITIS | C23: ='1ST QUARTER'!C23+'2ND QUARTER'!C23+'3RD QUARTER'!C23+'4TH QUARTER'!C23 -> 0 | D23: ='1ST QUARTER'!D23+'2ND QUARTER'!D23+'3RD QUARTER'!D23+'4TH QUARTER'!D23 -> 0 | E23: ='1ST QUARTER'!E23+'2ND QUARTER'!E23+'3RD QUARTER'!E23+'4TH QUARTER'!E23 -> 0 | F23: ='1ST QUARTER'!F23+'2ND QUARTER'!F23+'3RD QUARTER'!F23+'4TH QUARTER'!F23 -> 0 | G23: ='1ST QUARTER'!G23+'2ND QUARTER'!G23+'3RD QUARTER'!G23+'4TH QUARTER'!G23 -> 0 | H23: ='1ST QUARTER'!H23+'2ND QUARTER'!H23+'3RD QUARTER'!H23+'4TH QUARTER'!H23 -> 0 | I23: ='1ST QUARTER'!I23+'2ND QUARTER'!I23+'3RD QUARTER'!I23+'4TH QUARTER'!I23 -> 0 | J23: ='1ST QUARTER'!J23+'2ND QUARTER'!J23+'3RD QUARTER'!J23+'4TH QUARTER'!J23 -> 0 | ... AL23: ='1ST QUARTER'!AL23+'2ND QUARTER'!AL23+'3RD QUARTER'!AL23+'4TH QUARTER'!AL23 -> 0 | AM23: =C23+E23+G23+I23+K23+M23+O23+Q23+S23+U23+W23+Y23+AA23+AC23+AE23+AG23+AI23+AK23 -> 0 | AN23: =D23+F23+H23+J23+L23+N23+P23+R23+T23+V23+X23+Z23+AB23+AD23+AF23+AH23+AJ23+AL23 -> 0 | AO23: =AM23+AN23 -> 0
A24: ANIMAL BITE | C24: ='1ST QUARTER'!C24+'2ND QUARTER'!C24+'3RD QUARTER'!C24+'4TH QUARTER'!C24 -> 0 | D24: ='1ST QUARTER'!D24+'2ND QUARTER'!D24+'3RD QUARTER'!D24+'4TH QUARTER'!D24 -> 0 | E24: ='1ST QUARTER'!E24+'2ND QUARTER'!E24+'3RD QUARTER'!E24+'4TH QUARTER'!E24 -> 0 | F24: ='1ST QUARTER'!F24+'2ND QUARTER'!F24+'3RD QUARTER'!F24+'4TH QUARTER'!F24 -> 0 | G24: ='1ST QUARTER'!G24+'2ND QUARTER'!G24+'3RD QUARTER'!G24+'4TH QUARTER'!G24 -> 0 | H24: ='1ST QUARTER'!H24+'2ND QUARTER'!H24+'3RD QUARTER'!H24+'4TH QUARTER'!H24 -> 0 | I24: ='1ST QUARTER'!I24+'2ND QUARTER'!I24+'3RD QUARTER'!I24+'4TH QUARTER'!I24 -> 0 | J24: ='1ST QUARTER'!J24+'2ND QUARTER'!J24+'3RD QUARTER'!J24+'4TH QUARTER'!J24 -> 0 | ... AL24: ='1ST QUARTER'!AL24+'2ND QUARTER'!AL24+'3RD QUARTER'!AL24+'4TH QUARTER'!AL24 -> 0 | AM24: =C24+E24+G24+I24+K24+M24+O24+Q24+S24+U24+W24+Y24+AA24+AC24+AE24+AG24+AI24+AK24 -> 0 | AN24: =D24+F24+H24+J24+L24+N24+P24+R24+T24+V24+X24+Z24+AB24+AD24+AF24+AH24+AJ24+AL24 -> 0 | AO24: =AM24+AN24 -> 0
A25: ABDOMINAL PAIN | C25: ='1ST QUARTER'!C25+'2ND QUARTER'!C25+'3RD QUARTER'!C25+'4TH QUARTER'!C25 -> 0 | D25: ='1ST QUARTER'!D25+'2ND QUARTER'!D25+'3RD QUARTER'!D25+'4TH QUARTER'!D25 -> 0 | E25: ='1ST QUARTER'!E25+'2ND QUARTER'!E25+'3RD QUARTER'!E25+'4TH QUARTER'!E25 -> 0 | F25: ='1ST QUARTER'!F25+'2ND QUARTER'!F25+'3RD QUARTER'!F25+'4TH QUARTER'!F25 -> 0 | G25: ='1ST QUARTER'!G25+'2ND QUARTER'!G25+'3RD QUARTER'!G25+'4TH QUARTER'!G25 -> 0 | H25: ='1ST QUARTER'!H25+'2ND QUARTER'!H25+'3RD QUARTER'!H25+'4TH QUARTER'!H25 -> 0 | I25: ='1ST QUARTER'!I25+'2ND QUARTER'!I25+'3RD QUARTER'!I25+'4TH QUARTER'!I25 -> 0 | J25: ='1ST QUARTER'!J25+'2ND QUARTER'!J25+'3RD QUARTER'!J25+'4TH QUARTER'!J25 -> 0 | ... AL25: ='1ST QUARTER'!AL25+'2ND QUARTER'!AL25+'3RD QUARTER'!AL25+'4TH QUARTER'!AL25 -> 0 | AM25: =C25+E25+G25+I25+K25+M25+O25+Q25+S25+U25+W25+Y25+AA25+AC25+AE25+AG25+AI25+AK25 -> 0 | AN25: =D25+F25+H25+J25+L25+N25+P25+R25+T25+V25+X25+Z25+AB25+AD25+AF25+AH25+AJ25+AL25 -> 0 | AO25: =AM25+AN25 -> 0
A26: ABRASION | C26: ='1ST QUARTER'!C26+'2ND QUARTER'!C26+'3RD QUARTER'!C26+'4TH QUARTER'!C26 -> 0 | D26: ='1ST QUARTER'!D26+'2ND QUARTER'!D26+'3RD QUARTER'!D26+'4TH QUARTER'!D26 -> 0 | E26: ='1ST QUARTER'!E26+'2ND QUARTER'!E26+'3RD QUARTER'!E26+'4TH QUARTER'!E26 -> 0 | F26: ='1ST QUARTER'!F26+'2ND QUARTER'!F26+'3RD QUARTER'!F26+'4TH QUARTER'!F26 -> 0 | G26: ='1ST QUARTER'!G26+'2ND QUARTER'!G26+'3RD QUARTER'!G26+'4TH QUARTER'!G26 -> 0 | H26: ='1ST QUARTER'!H26+'2ND QUARTER'!H26+'3RD QUARTER'!H26+'4TH QUARTER'!H26 -> 0 | I26: ='1ST QUARTER'!I26+'2ND QUARTER'!I26+'3RD QUARTER'!I26+'4TH QUARTER'!I26 -> 0 | J26: ='1ST QUARTER'!J26+'2ND QUARTER'!J26+'3RD QUARTER'!J26+'4TH QUARTER'!J26 -> 0 | ... AL26: ='1ST QUARTER'!AL26+'2ND QUARTER'!AL26+'3RD QUARTER'!AL26+'4TH QUARTER'!AL26 -> 0 | AM26: =C26+E26+G26+I26+K26+M26+O26+Q26+S26+U26+W26+Y26+AA26+AC26+AE26+AG26+AI26+AK26 -> 0 | AN26: =D26+F26+H26+J26+L26+N26+P26+R26+T26+V26+X26+Z26+AB26+AD26+AF26+AH26+AJ26+AL26 -> 0 | AO26: =AM26+AN26 -> 0
A27: ACUTE RESPIRATORY INFECTION/ DISEASE | C27: ='1ST QUARTER'!C27+'2ND QUARTER'!C27+'3RD QUARTER'!C27+'4TH QUARTER'!C27 -> 0 | D27: ='1ST QUARTER'!D27+'2ND QUARTER'!D27+'3RD QUARTER'!D27+'4TH QUARTER'!D27 -> 0 | E27: ='1ST QUARTER'!E27+'2ND QUARTER'!E27+'3RD QUARTER'!E27+'4TH QUARTER'!E27 -> 0 | F27: ='1ST QUARTER'!F27+'2ND QUARTER'!F27+'3RD QUARTER'!F27+'4TH QUARTER'!F27 -> 0 | G27: ='1ST QUARTER'!G27+'2ND QUARTER'!G27+'3RD QUARTER'!G27+'4TH QUARTER'!G27 -> 9 | H27: ='1ST QUARTER'!H27+'2ND QUARTER'!H27+'3RD QUARTER'!H27+'4TH QUARTER'!H27 -> 12 | I27: ='1ST QUARTER'!I27+'2ND QUARTER'!I27+'3RD QUARTER'!I27+'4TH QUARTER'!I27 -> 38 | J27: ='1ST QUARTER'!J27+'2ND QUARTER'!J27+'3RD QUARTER'!J27+'4TH QUARTER'!J27 -> 37 | ... AL27: ='1ST QUARTER'!AL27+'2ND QUARTER'!AL27+'3RD QUARTER'!AL27+'4TH QUARTER'!AL27 -> 5 | AM27: =C27+E27+G27+I27+K27+M27+O27+Q27+S27+U27+W27+Y27+AA27+AC27+AE27+AG27+AI27+AK27 -> 107 | AN27: =D27+F27+H27+J27+L27+N27+P27+R27+T27+V27+X27+Z27+AB27+AD27+AF27+AH27+AJ27+AL27 -> 109 | AO27: =AM27+AN27 -> 216
A28: ANEMIA | C28: ='1ST QUARTER'!C28+'2ND QUARTER'!C28+'3RD QUARTER'!C28+'4TH QUARTER'!C28 -> 0 | D28: ='1ST QUARTER'!D28+'2ND QUARTER'!D28+'3RD QUARTER'!D28+'4TH QUARTER'!D28 -> 0 | E28: ='1ST QUARTER'!E28+'2ND QUARTER'!E28+'3RD QUARTER'!E28+'4TH QUARTER'!E28 -> 0 | F28: ='1ST QUARTER'!F28+'2ND QUARTER'!F28+'3RD QUARTER'!F28+'4TH QUARTER'!F28 -> 0 | G28: ='1ST QUARTER'!G28+'2ND QUARTER'!G28+'3RD QUARTER'!G28+'4TH QUARTER'!G28 -> 0 | H28: ='1ST QUARTER'!H28+'2ND QUARTER'!H28+'3RD QUARTER'!H28+'4TH QUARTER'!H28 -> 0 | I28: ='1ST QUARTER'!I28+'2ND QUARTER'!I28+'3RD QUARTER'!I28+'4TH QUARTER'!I28 -> 0 | J28: ='1ST QUARTER'!J28+'2ND QUARTER'!J28+'3RD QUARTER'!J28+'4TH QUARTER'!J28 -> 0 | ... AL28: ='1ST QUARTER'!AL28+'2ND QUARTER'!AL28+'3RD QUARTER'!AL28+'4TH QUARTER'!AL28 -> 0 | AM28: =C28+E28+G28+I28+K28+M28+O28+Q28+S28+U28+W28+Y28+AA28+AC28+AE28+AG28+AI28+AK28 -> 0 | AN28: =D28+F28+H28+J28+L28+N28+P28+R28+T28+V28+X28+Z28+AB28+AD28+AF28+AH28+AJ28+AL28 -> 3 | AO28: =AM28+AN28 -> 3
A29: ACUTE UNCOMPLICATED CYSTITIS | C29: ='1ST QUARTER'!C29+'2ND QUARTER'!C29+'3RD QUARTER'!C29+'4TH QUARTER'!C29 -> 0 | D29: ='1ST QUARTER'!D29+'2ND QUARTER'!D29+'3RD QUARTER'!D29+'4TH QUARTER'!D29 -> 0 | E29: ='1ST QUARTER'!E29+'2ND QUARTER'!E29+'3RD QUARTER'!E29+'4TH QUARTER'!E29 -> 0 | F29: ='1ST QUARTER'!F29+'2ND QUARTER'!F29+'3RD QUARTER'!F29+'4TH QUARTER'!F29 -> 0 | G29: ='1ST QUARTER'!G29+'2ND QUARTER'!G29+'3RD QUARTER'!G29+'4TH QUARTER'!G29 -> 0 | H29: ='1ST QUARTER'!H29+'2ND QUARTER'!H29+'3RD QUARTER'!H29+'4TH QUARTER'!H29 -> 0 | I29: ='1ST QUARTER'!I29+'2ND QUARTER'!I29+'3RD QUARTER'!I29+'4TH QUARTER'!I29 -> 0 | J29: ='1ST QUARTER'!J29+'2ND QUARTER'!J29+'3RD QUARTER'!J29+'4TH QUARTER'!J29 -> 0 | ... AL29: ='1ST QUARTER'!AL29+'2ND QUARTER'!AL29+'3RD QUARTER'!AL29+'4TH QUARTER'!AL29 -> 0 | AM29: =C29+E29+G29+I29+K29+M29+O29+Q29+S29+U29+W29+Y29+AA29+AC29+AE29+AG29+AI29+AK29 -> 0 | AN29: =D29+F29+H29+J29+L29+N29+P29+R29+T29+V29+X29+Z29+AB29+AD29+AF29+AH29+AJ29+AL29 -> 2 | AO29: =AM29+AN29 -> 2
A30: ACUTE TONSILOPHARYNGITIS | C30: ='1ST QUARTER'!C30+'2ND QUARTER'!C30+'3RD QUARTER'!C30+'4TH QUARTER'!C30 -> 0 | D30: ='1ST QUARTER'!D30+'2ND QUARTER'!D30+'3RD QUARTER'!D30+'4TH QUARTER'!D30 -> 0 | E30: ='1ST QUARTER'!E30+'2ND QUARTER'!E30+'3RD QUARTER'!E30+'4TH QUARTER'!E30 -> 0 | F30: ='1ST QUARTER'!F30+'2ND QUARTER'!F30+'3RD QUARTER'!F30+'4TH QUARTER'!F30 -> 0 | G30: ='1ST QUARTER'!G30+'2ND QUARTER'!G30+'3RD QUARTER'!G30+'4TH QUARTER'!G30 -> 0 | H30: ='1ST QUARTER'!H30+'2ND QUARTER'!H30+'3RD QUARTER'!H30+'4TH QUARTER'!H30 -> 0 | I30: ='1ST QUARTER'!I30+'2ND QUARTER'!I30+'3RD QUARTER'!I30+'4TH QUARTER'!I30 -> 0 | J30: ='1ST QUARTER'!J30+'2ND QUARTER'!J30+'3RD QUARTER'!J30+'4TH QUARTER'!J30 -> 1 | ... AL30: ='1ST QUARTER'!AL30+'2ND QUARTER'!AL30+'3RD QUARTER'!AL30+'4TH QUARTER'!AL30 -> 0 | AM30: =C30+E30+G30+I30+K30+M30+O30+Q30+S30+U30+W30+Y30+AA30+AC30+AE30+AG30+AI30+AK30 -> 3 | AN30: =D30+F30+H30+J30+L30+N30+P30+R30+T30+V30+X30+Z30+AB30+AD30+AF30+AH30+AJ30+AL30 -> 8 | AO30: =AM30+AN30 -> 11
A31: ABCESS | C31: ='1ST QUARTER'!C31+'2ND QUARTER'!C31+'3RD QUARTER'!C31+'4TH QUARTER'!C31 -> 0 | D31: ='1ST QUARTER'!D31+'2ND QUARTER'!D31+'3RD QUARTER'!D31+'4TH QUARTER'!D31 -> 0 | E31: ='1ST QUARTER'!E31+'2ND QUARTER'!E31+'3RD QUARTER'!E31+'4TH QUARTER'!E31 -> 0 | F31: ='1ST QUARTER'!F31+'2ND QUARTER'!F31+'3RD QUARTER'!F31+'4TH QUARTER'!F31 -> 0 | G31: ='1ST QUARTER'!G31+'2ND QUARTER'!G31+'3RD QUARTER'!G31+'4TH QUARTER'!G31 -> 0 | H31: ='1ST QUARTER'!H31+'2ND QUARTER'!H31+'3RD QUARTER'!H31+'4TH QUARTER'!H31 -> 0 | I31: ='1ST QUARTER'!I31+'2ND QUARTER'!I31+'3RD QUARTER'!I31+'4TH QUARTER'!I31 -> 0 | J31: ='1ST QUARTER'!J31+'2ND QUARTER'!J31+'3RD QUARTER'!J31+'4TH QUARTER'!J31 -> 0 | ... AL31: ='1ST QUARTER'!AL31+'2ND QUARTER'!AL31+'3RD QUARTER'!AL31+'4TH QUARTER'!AL31 -> 0 | AM31: =C31+E31+G31+I31+K31+M31+O31+Q31+S31+U31+W31+Y31+AA31+AC31+AE31+AG31+AI31+AK31 -> 0 | AN31: =D31+F31+H31+J31+L31+N31+P31+R31+T31+V31+X31+Z31+AB31+AD31+AF31+AH31+AJ31+AL31 -> 0 | AO31: =AM31+AN31 -> 0
A32: ACUTE GASTROENTERITIS | C32: ='1ST QUARTER'!C32+'2ND QUARTER'!C32+'3RD QUARTER'!C32+'4TH QUARTER'!C32 -> 0 | D32: ='1ST QUARTER'!D32+'2ND QUARTER'!D32+'3RD QUARTER'!D32+'4TH QUARTER'!D32 -> 0 | E32: ='1ST QUARTER'!E32+'2ND QUARTER'!E32+'3RD QUARTER'!E32+'4TH QUARTER'!E32 -> 0 | F32: ='1ST QUARTER'!F32+'2ND QUARTER'!F32+'3RD QUARTER'!F32+'4TH QUARTER'!F32 -> 0 | G32: ='1ST QUARTER'!G32+'2ND QUARTER'!G32+'3RD QUARTER'!G32+'4TH QUARTER'!G32 -> 3 | H32: ='1ST QUARTER'!H32+'2ND QUARTER'!H32+'3RD QUARTER'!H32+'4TH QUARTER'!H32 -> 5 | I32: ='1ST QUARTER'!I32+'2ND QUARTER'!I32+'3RD QUARTER'!I32+'4TH QUARTER'!I32 -> 19 | J32: ='1ST QUARTER'!J32+'2ND QUARTER'!J32+'3RD QUARTER'!J32+'4TH QUARTER'!J32 -> 9 | ... AL32: ='1ST QUARTER'!AL32+'2ND QUARTER'!AL32+'3RD QUARTER'!AL32+'4TH QUARTER'!AL32 -> 0 | AM32: =C32+E32+G32+I32+K32+M32+O32+Q32+S32+U32+W32+Y32+AA32+AC32+AE32+AG32+AI32+AK32 -> 35 | AN32: =D32+F32+H32+J32+L32+N32+P32+R32+T32+V32+X32+Z32+AB32+AD32+AF32+AH32+AJ32+AL32 -> 32 | AO32: =AM32+AN32 -> 67
... A48: ACUTE CONJUNCTIVITIS | C48: ='1ST QUARTER'!C48+'2ND QUARTER'!C48+'3RD QUARTER'!C48+'4TH QUARTER'!C48 -> 0 | D48: ='1ST QUARTER'!D48+'2ND QUARTER'!D48+'3RD QUARTER'!D48+'4TH QUARTER'!D48 -> 0 | E48: ='1ST QUARTER'!E48+'2ND QUARTER'!E48+'3RD QUARTER'!E48+'4TH QUARTER'!E48 -> 0 | F48: ='1ST QUARTER'!F48+'2ND QUARTER'!F48+'3RD QUARTER'!F48+'4TH QUARTER'!F48 -> 0 | G48: ='1ST QUARTER'!G48+'2ND QUARTER'!G48+'3RD QUARTER'!G48+'4TH QUARTER'!G48 -> 0 | H48: ='1ST QUARTER'!H48+'2ND QUARTER'!H48+'3RD QUARTER'!H48+'4TH QUARTER'!H48 -> 0 | I48: ='1ST QUARTER'!I48+'2ND QUARTER'!I48+'3RD QUARTER'!I48+'4TH QUARTER'!I48 -> 0 | J48: ='1ST QUARTER'!J48+'2ND QUARTER'!J48+'3RD QUARTER'!J48+'4TH QUARTER'!J48 -> 0 | ... AL48: ='1ST QUARTER'!AL48+'2ND QUARTER'!AL48+'3RD QUARTER'!AL48+'4TH QUARTER'!AL48 -> 0 | AM48: =C48+E48+G48+I48+K48+M48+O48+Q48+S48+U48+W48+Y48+AA48+AC48+AE48+AG48+AI48+AK48 -> 1 | AN48: =D48+F48+H48+J48+L48+N48+P48+R48+T48+V48+X48+Z48+AB48+AD48+AF48+AH48+AJ48+AL48 -> 0 | AO48: =AM48+AN48 -> 1
A49: B
A50: BACTERIAL VAGINOSIS | C50: ='1ST QUARTER'!C50+'2ND QUARTER'!C50+'3RD QUARTER'!C50+'4TH QUARTER'!C50 -> 0 | D50: ='1ST QUARTER'!D50+'2ND QUARTER'!D50+'3RD QUARTER'!D50+'4TH QUARTER'!D50 -> 0 | E50: ='1ST QUARTER'!E50+'2ND QUARTER'!E50+'3RD QUARTER'!E50+'4TH QUARTER'!E50 -> 0 | F50: ='1ST QUARTER'!F50+'2ND QUARTER'!F50+'3RD QUARTER'!F50+'4TH QUARTER'!F50 -> 0 | G50: ='1ST QUARTER'!G50+'2ND QUARTER'!G50+'3RD QUARTER'!G50+'4TH QUARTER'!G50 -> 0 | H50: ='1ST QUARTER'!H50+'2ND QUARTER'!H50+'3RD QUARTER'!H50+'4TH QUARTER'!H50 -> 0 | I50: ='1ST QUARTER'!I50+'2ND QUARTER'!I50+'3RD QUARTER'!I50+'4TH QUARTER'!I50 -> 0 | J50: ='1ST QUARTER'!J50+'2ND QUARTER'!J50+'3RD QUARTER'!J50+'4TH QUARTER'!J50 -> 0 | ... AL50: ='1ST QUARTER'!AL50+'2ND QUARTER'!AL50+'3RD QUARTER'!AL50+'4TH QUARTER'!AL50 -> 0 | AM50: =C50+E50+G50+I50+K50+M50+O50+Q50+S50+U50+W50+Y50+AA50+AC50+AE50+AG50+AI50+AK50 -> 0 | AN50: =D50+F50+H50+J50+L50+N50+P50+R50+T50+V50+X50+Z50+AB50+AD50+AF50+AH50+AJ50+AL50 -> 0 | AO50: =AM50+AN50 -> 0
A51: BOILS | C51: ='1ST QUARTER'!C51+'2ND QUARTER'!C51+'3RD QUARTER'!C51+'4TH QUARTER'!C51 -> 0 | D51: ='1ST QUARTER'!D51+'2ND QUARTER'!D51+'3RD QUARTER'!D51+'4TH QUARTER'!D51 -> 0 | E51: ='1ST QUARTER'!E51+'2ND QUARTER'!E51+'3RD QUARTER'!E51+'4TH QUARTER'!E51 -> 0 | F51: ='1ST QUARTER'!F51+'2ND QUARTER'!F51+'3RD QUARTER'!F51+'4TH QUARTER'!F51 -> 0 | G51: ='1ST QUARTER'!G51+'2ND QUARTER'!G51+'3RD QUARTER'!G51+'4TH QUARTER'!G51 -> 0 | H51: ='1ST QUARTER'!H51+'2ND QUARTER'!H51+'3RD QUARTER'!H51+'4TH QUARTER'!H51 -> 0 | I51: ='1ST QUARTER'!I51+'2ND QUARTER'!I51+'3RD QUARTER'!I51+'4TH QUARTER'!I51 -> 0 | J51: ='1ST QUARTER'!J51+'2ND QUARTER'!J51+'3RD QUARTER'!J51+'4TH QUARTER'!J51 -> 0 | ... AL51: ='1ST QUARTER'!AL51+'2ND QUARTER'!AL51+'3RD QUARTER'!AL51+'4TH QUARTER'!AL51 -> 0 | AM51: =C51+E51+G51+I51+K51+M51+O51+Q51+S51+U51+W51+Y51+AA51+AC51+AE51+AG51+AI51+AK51 -> 0 | AN51: =D51+F51+H51+J51+L51+N51+P51+R51+T51+V51+X51+Z51+AB51+AD51+AF51+AH51+AJ51+AL51 -> 0 | AO51: =AM51+AN51 -> 0
A52: BENIGN PAROXYSMAL POSITIONAL VERTIGO | C52: ='1ST QUARTER'!C52+'2ND QUARTER'!C52+'3RD QUARTER'!C52+'4TH QUARTER'!C52 -> 0 | D52: ='1ST QUARTER'!D52+'2ND QUARTER'!D52+'3RD QUARTER'!D52+'4TH QUARTER'!D52 -> 0 | E52: ='1ST QUARTER'!E52+'2ND QUARTER'!E52+'3RD QUARTER'!E52+'4TH QUARTER'!E52 -> 0 | F52: ='1ST QUARTER'!F52+'2ND QUARTER'!F52+'3RD QUARTER'!F52+'4TH QUARTER'!F52 -> 0 | G52: ='1ST QUARTER'!G52+'2ND QUARTER'!G52+'3RD QUARTER'!G52+'4TH QUARTER'!G52 -> 0 | H52: ='1ST QUARTER'!H52+'2ND QUARTER'!H52+'3RD QUARTER'!H52+'4TH QUARTER'!H52 -> 0 | I52: ='1ST QUARTER'!I52+'2ND QUARTER'!I52+'3RD QUARTER'!I52+'4TH QUARTER'!I52 -> 0 | J52: ='1ST QUARTER'!J52+'2ND QUARTER'!J52+'3RD QUARTER'!J52+'4TH QUARTER'!J52 -> 0 | ... AL52: ='1ST QUARTER'!AL52+'2ND QUARTER'!AL52+'3RD QUARTER'!AL52+'4TH QUARTER'!AL52 -> 3 | AM52: =C52+E52+G52+I52+K52+M52+O52+Q52+S52+U52+W52+Y52+AA52+AC52+AE52+AG52+AI52+AK52 -> 24 | AN52: =D52+F52+H52+J52+L52+N52+P52+R52+T52+V52+X52+Z52+AB52+AD52+AF52+AH52+AJ52+AL52 -> 37 | AO52: =AM52+AN52 -> 61
A53: BACTERIAL INFECTION | C53: ='1ST QUARTER'!C53+'2ND QUARTER'!C53+'3RD QUARTER'!C53+'4TH QUARTER'!C53 -> 0 | D53: ='1ST QUARTER'!D53+'2ND QUARTER'!D53+'3RD QUARTER'!D53+'4TH QUARTER'!D53 -> 0 | E53: ='1ST QUARTER'!E53+'2ND QUARTER'!E53+'3RD QUARTER'!E53+'4TH QUARTER'!E53 -> 0 | F53: ='1ST QUARTER'!F53+'2ND QUARTER'!F53+'3RD QUARTER'!F53+'4TH QUARTER'!F53 -> 0 | G53: ='1ST QUARTER'!G53+'2ND QUARTER'!G53+'3RD QUARTER'!G53+'4TH QUARTER'!G53 -> 0 | H53: ='1ST QUARTER'!H53+'2ND QUARTER'!H53+'3RD QUARTER'!H53+'4TH QUARTER'!H53 -> 0 | I53: ='1ST QUARTER'!I53+'2ND QUARTER'!I53+'3RD QUARTER'!I53+'4TH QUARTER'!I53 -> 0 | J53: ='1ST QUARTER'!J53+'2ND QUARTER'!J53+'3RD QUARTER'!J53+'4TH QUARTER'!J53 -> 0 | ... AL53: ='1ST QUARTER'!AL53+'2ND QUARTER'!AL53+'3RD QUARTER'!AL53+'4TH QUARTER'!AL53 -> 0 | AM53: =C53+E53+G53+I53+K53+M53+O53+Q53+S53+U53+W53+Y53+AA53+AC53+AE53+AG53+AI53+AK53 -> 0 | AN53: =D53+F53+H53+J53+L53+N53+P53+R53+T53+V53+X53+Z53+AB53+AD53+AF53+AH53+AJ53+AL53 -> 0 | AO53: =AM53+AN53 -> 0
A54: BLEEDING (ALL TYPES) | C54: ='1ST QUARTER'!C54+'2ND QUARTER'!C54+'3RD QUARTER'!C54+'4TH QUARTER'!C54 -> 0 | D54: ='1ST QUARTER'!D54+'2ND QUARTER'!D54+'3RD QUARTER'!D54+'4TH QUARTER'!D54 -> 0 | E54: ='1ST QUARTER'!E54+'2ND QUARTER'!E54+'3RD QUARTER'!E54+'4TH QUARTER'!E54 -> 0 | F54: ='1ST QUARTER'!F54+'2ND QUARTER'!F54+'3RD QUARTER'!F54+'4TH QUARTER'!F54 -> 0 | G54: ='1ST QUARTER'!G54+'2ND QUARTER'!G54+'3RD QUARTER'!G54+'4TH QUARTER'!G54 -> 0 | H54: ='1ST QUARTER'!H54+'2ND QUARTER'!H54+'3RD QUARTER'!H54+'4TH QUARTER'!H54 -> 0 | I54: ='1ST QUARTER'!I54+'2ND QUARTER'!I54+'3RD QUARTER'!I54+'4TH QUARTER'!I54 -> 0 | J54: ='1ST QUARTER'!J54+'2ND QUARTER'!J54+'3RD QUARTER'!J54+'4TH QUARTER'!J54 -> 0 | ... AL54: ='1ST QUARTER'!AL54+'2ND QUARTER'!AL54+'3RD QUARTER'!AL54+'4TH QUARTER'!AL54 -> 0 | AM54: =C54+E54+G54+I54+K54+M54+O54+Q54+S54+U54+W54+Y54+AA54+AC54+AE54+AG54+AI54+AK54 -> 0 | AN54: =D54+F54+H54+J54+L54+N54+P54+R54+T54+V54+X54+Z54+AB54+AD54+AF54+AH54+AJ54+AL54 -> 0 | AO54: =AM54+AN54 -> 0
A55: BRONCHIAL ASTHMA | C55: ='1ST QUARTER'!C55+'2ND QUARTER'!C55+'3RD QUARTER'!C55+'4TH QUARTER'!C55 -> 0 | D55: ='1ST QUARTER'!D55+'2ND QUARTER'!D55+'3RD QUARTER'!D55+'4TH QUARTER'!D55 -> 0 | E55: ='1ST QUARTER'!E55+'2ND QUARTER'!E55+'3RD QUARTER'!E55+'4TH QUARTER'!E55 -> 0 | F55: ='1ST QUARTER'!F55+'2ND QUARTER'!F55+'3RD QUARTER'!F55+'4TH QUARTER'!F55 -> 0 | G55: ='1ST QUARTER'!G55+'2ND QUARTER'!G55+'3RD QUARTER'!G55+'4TH QUARTER'!G55 -> 0 | H55: ='1ST QUARTER'!H55+'2ND QUARTER'!H55+'3RD QUARTER'!H55+'4TH QUARTER'!H55 -> 0 | I55: ='1ST QUARTER'!I55+'2ND QUARTER'!I55+'3RD QUARTER'!I55+'4TH QUARTER'!I55 -> 0 | J55: ='1ST QUARTER'!J55+'2ND QUARTER'!J55+'3RD QUARTER'!J55+'4TH QUARTER'!J55 -> 0 | ... AL55: ='1ST QUARTER'!AL55+'2ND QUARTER'!AL55+'3RD QUARTER'!AL55+'4TH QUARTER'!AL55 -> 0 | AM55: =C55+E55+G55+I55+K55+M55+O55+Q55+S55+U55+W55+Y55+AA55+AC55+AE55+AG55+AI55+AK55 -> 0 | AN55: =D55+F55+H55+J55+L55+N55+P55+R55+T55+V55+X55+Z55+AB55+AD55+AF55+AH55+AJ55+AL55 -> 0 | AO55: =AM55+AN55 -> 0
A56: BI-PEDAL EDEMA | C56: ='1ST QUARTER'!C56+'2ND QUARTER'!C56+'3RD QUARTER'!C56+'4TH QUARTER'!C56 -> 0 | D56: ='1ST QUARTER'!D56+'2ND QUARTER'!D56+'3RD QUARTER'!D56+'4TH QUARTER'!D56 -> 0 | E56: ='1ST QUARTER'!E56+'2ND QUARTER'!E56+'3RD QUARTER'!E56+'4TH QUARTER'!E56 -> 0 | F56: ='1ST QUARTER'!F56+'2ND QUARTER'!F56+'3RD QUARTER'!F56+'4TH QUARTER'!F56 -> 0 | G56: ='1ST QUARTER'!G56+'2ND QUARTER'!G56+'3RD QUARTER'!G56+'4TH QUARTER'!G56 -> 0 | H56: ='1ST QUARTER'!H56+'2ND QUARTER'!H56+'3RD QUARTER'!H56+'4TH QUARTER'!H56 -> 0 | I56: ='1ST QUARTER'!I56+'2ND QUARTER'!I56+'3RD QUARTER'!I56+'4TH QUARTER'!I56 -> 0 | J56: ='1ST QUARTER'!J56+'2ND QUARTER'!J56+'3RD QUARTER'!J56+'4TH QUARTER'!J56 -> 0 | ... AL56: ='1ST QUARTER'!AL56+'2ND QUARTER'!AL56+'3RD QUARTER'!AL56+'4TH QUARTER'!AL56 -> 0 | AM56: =C56+E56+G56+I56+K56+M56+O56+Q56+S56+U56+W56+Y56+AA56+AC56+AE56+AG56+AI56+AK56 -> 0 | AN56: =D56+F56+H56+J56+L56+N56+P56+R56+T56+V56+X56+Z56+AB56+AD56+AF56+AH56+AJ56+AL56 -> 0 | AO56: =AM56+AN56 -> 0
A57: BREAST MASS | C57: ='1ST QUARTER'!C57+'2ND QUARTER'!C57+'3RD QUARTER'!C57+'4TH QUARTER'!C57 -> 0 | D57: ='1ST QUARTER'!D57+'2ND QUARTER'!D57+'3RD QUARTER'!D57+'4TH QUARTER'!D57 -> 0 | E57: ='1ST QUARTER'!E57+'2ND QUARTER'!E57+'3RD QUARTER'!E57+'4TH QUARTER'!E57 -> 0 | F57: ='1ST QUARTER'!F57+'2ND QUARTER'!F57+'3RD QUARTER'!F57+'4TH QUARTER'!F57 -> 0 | G57: ='1ST QUARTER'!G57+'2ND QUARTER'!G57+'3RD QUARTER'!G57+'4TH QUARTER'!G57 -> 0 | H57: ='1ST QUARTER'!H57+'2ND QUARTER'!H57+'3RD QUARTER'!H57+'4TH QUARTER'!H57 -> 0 | I57: ='1ST QUARTER'!I57+'2ND QUARTER'!I57+'3RD QUARTER'!I57+'4TH QUARTER'!I57 -> 0 | J57: ='1ST QUARTER'!J57+'2ND QUARTER'!J57+'3RD QUARTER'!J57+'4TH QUARTER'!J57 -> 0 | ... AL57: ='1ST QUARTER'!AL57+'2ND QUARTER'!AL57+'3RD QUARTER'!AL57+'4TH QUARTER'!AL57 -> 0 | AM57: =C57+E57+G57+I57+K57+M57+O57+Q57+S57+U57+W57+Y57+AA57+AC57+AE57+AG57+AI57+AK57 -> 0 | AN57: =D57+F57+H57+J57+L57+N57+P57+R57+T57+V57+X57+Z57+AB57+AD57+AF57+AH57+AJ57+AL57 -> 2 | AO57: =AM57+AN57 -> 2
A58: BURN | C58: ='1ST QUARTER'!C58+'2ND QUARTER'!C58+'3RD QUARTER'!C58+'4TH QUARTER'!C58 -> 0 | D58: ='1ST QUARTER'!D58+'2ND QUARTER'!D58+'3RD QUARTER'!D58+'4TH QUARTER'!D58 -> 0 | E58: ='1ST QUARTER'!E58+'2ND QUARTER'!E58+'3RD QUARTER'!E58+'4TH QUARTER'!E58 -> 0 | F58: ='1ST QUARTER'!F58+'2ND QUARTER'!F58+'3RD QUARTER'!F58+'4TH QUARTER'!F58 -> 0 | G58: ='1ST QUARTER'!G58+'2ND QUARTER'!G58+'3RD QUARTER'!G58+'4TH QUARTER'!G58 -> 0 | H58: ='1ST QUARTER'!H58+'2ND QUARTER'!H58+'3RD QUARTER'!H58+'4TH QUARTER'!H58 -> 0 | I58: ='1ST QUARTER'!I58+'2ND QUARTER'!I58+'3RD QUARTER'!I58+'4TH QUARTER'!I58 -> 0 | J58: ='1ST QUARTER'!J58+'2ND QUARTER'!J58+'3RD QUARTER'!J58+'4TH QUARTER'!J58 -> 0 | ... AL58: ='1ST QUARTER'!AL58+'2ND QUARTER'!AL58+'3RD QUARTER'!AL58+'4TH QUARTER'!AL58 -> 0 | AM58: =C58+E58+G58+I58+K58+M58+O58+Q58+S58+U58+W58+Y58+AA58+AC58+AE58+AG58+AI58+AK58 -> 0 | AN58: =D58+F58+H58+J58+L58+N58+P58+R58+T58+V58+X58+Z58+AB58+AD58+AF58+AH58+AJ58+AL58 -> 0 | AO58: =AM58+AN58 -> 0
A59: BENIGN PROSTATIC HYPERTHROPHY | C59: ='1ST QUARTER'!C59+'2ND QUARTER'!C59+'3RD QUARTER'!C59+'4TH QUARTER'!C59 -> 0 | D59: ='1ST QUARTER'!D59+'2ND QUARTER'!D59+'3RD QUARTER'!D59+'4TH QUARTER'!D59 -> 0 | E59: ='1ST QUARTER'!E59+'2ND QUARTER'!E59+'3RD QUARTER'!E59+'4TH QUARTER'!E59 -> 0 | F59: ='1ST QUARTER'!F59+'2ND QUARTER'!F59+'3RD QUARTER'!F59+'4TH QUARTER'!F59 -> 0 | G59: ='1ST QUARTER'!G59+'2ND QUARTER'!G59+'3RD QUARTER'!G59+'4TH QUARTER'!G59 -> 0 | H59: ='1ST QUARTER'!H59+'2ND QUARTER'!H59+'3RD QUARTER'!H59+'4TH QUARTER'!H59 -> 0 | I59: ='1ST QUARTER'!I59+'2ND QUARTER'!I59+'3RD QUARTER'!I59+'4TH QUARTER'!I59 -> 0 | J59: ='1ST QUARTER'!J59+'2ND QUARTER'!J59+'3RD QUARTER'!J59+'4TH QUARTER'!J59 -> 0 | ... AL59: ='1ST QUARTER'!AL59+'2ND QUARTER'!AL59+'3RD QUARTER'!AL59+'4TH QUARTER'!AL59 -> 0 | AM59: =C59+E59+G59+I59+K59+M59+O59+Q59+S59+U59+W59+Y59+AA59+AC59+AE59+AG59+AI59+AK59 -> 0 | AN59: =D59+F59+H59+J59+L59+N59+P59+R59+T59+V59+X59+Z59+AB59+AD59+AF59+AH59+AJ59+AL59 -> 0 | AO59: =AM59+AN59 -> 0
A60: C
A61: CELLULITIS | C61: ='1ST QUARTER'!C61+'2ND QUARTER'!C61+'3RD QUARTER'!C61+'4TH QUARTER'!C61 -> 0 | D61: ='1ST QUARTER'!D61+'2ND QUARTER'!D61+'3RD QUARTER'!D61+'4TH QUARTER'!D61 -> 0 | E61: ='1ST QUARTER'!E61+'2ND QUARTER'!E61+'3RD QUARTER'!E61+'4TH QUARTER'!E61 -> 0 | F61: ='1ST QUARTER'!F61+'2ND QUARTER'!F61+'3RD QUARTER'!F61+'4TH QUARTER'!F61 -> 0 | G61: ='1ST QUARTER'!G61+'2ND QUARTER'!G61+'3RD QUARTER'!G61+'4TH QUARTER'!G61 -> 0 | H61: ='1ST QUARTER'!H61+'2ND QUARTER'!H61+'3RD QUARTER'!H61+'4TH QUARTER'!H61 -> 0 | I61: ='1ST QUARTER'!I61+'2ND QUARTER'!I61+'3RD QUARTER'!I61+'4TH QUARTER'!I61 -> 1 | J61: ='1ST QUARTER'!J61+'2ND QUARTER'!J61+'3RD QUARTER'!J61+'4TH QUARTER'!J61 -> 2 | ... AL61: ='1ST QUARTER'!AL61+'2ND QUARTER'!AL61+'3RD QUARTER'!AL61+'4TH QUARTER'!AL61 -> 0 | AM61: =C61+E61+G61+I61+K61+M61+O61+Q61+S61+U61+W61+Y61+AA61+AC61+AE61+AG61+AI61+AK61 -> 12 | AN61: =D61+F61+H61+J61+L61+N61+P61+R61+T61+V61+X61+Z61+AB61+AD61+AF61+AH61+AJ61+AL61 -> 4 | AO61: =AM61+AN61 -> 16
A62: COMMUNITY ACQUIRED PNEUMONIA | C62: ='1ST QUARTER'!C62+'2ND QUARTER'!C62+'3RD QUARTER'!C62+'4TH QUARTER'!C62 -> 0 | D62: ='1ST QUARTER'!D62+'2ND QUARTER'!D62+'3RD QUARTER'!D62+'4TH QUARTER'!D62 -> 0 | E62: ='1ST QUARTER'!E62+'2ND QUARTER'!E62+'3RD QUARTER'!E62+'4TH QUARTER'!E62 -> 0 | F62: ='1ST QUARTER'!F62+'2ND QUARTER'!F62+'3RD QUARTER'!F62+'4TH QUARTER'!F62 -> 0 | G62: ='1ST QUARTER'!G62+'2ND QUARTER'!G62+'3RD QUARTER'!G62+'4TH QUARTER'!G62 -> 0 | H62: ='1ST QUARTER'!H62+'2ND QUARTER'!H62+'3RD QUARTER'!H62+'4TH QUARTER'!H62 -> 0 | I62: ='1ST QUARTER'!I62+'2ND QUARTER'!I62+'3RD QUARTER'!I62+'4TH QUARTER'!I62 -> 0 | J62: ='1ST QUARTER'!J62+'2ND QUARTER'!J62+'3RD QUARTER'!J62+'4TH QUARTER'!J62 -> 0 | ... AL62: ='1ST QUARTER'!AL62+'2ND QUARTER'!AL62+'3RD QUARTER'!AL62+'4TH QUARTER'!AL62 -> 1 | AM62: =C62+E62+G62+I62+K62+M62+O62+Q62+S62+U62+W62+Y62+AA62+AC62+AE62+AG62+AI62+AK62 -> 6 | AN62: =D62+F62+H62+J62+L62+N62+P62+R62+T62+V62+X62+Z62+AB62+AD62+AF62+AH62+AJ62+AL62 -> 4 | AO62: =AM62+AN62 -> 10
A63: CONTUSION HEMATOMA | C63: ='1ST QUARTER'!C63+'2ND QUARTER'!C63+'3RD QUARTER'!C63+'4TH QUARTER'!C63 -> 0 | D63: ='1ST QUARTER'!D63+'2ND QUARTER'!D63+'3RD QUARTER'!D63+'4TH QUARTER'!D63 -> 0 | E63: ='1ST QUARTER'!E63+'2ND QUARTER'!E63+'3RD QUARTER'!E63+'4TH QUARTER'!E63 -> 0 | F63: ='1ST QUARTER'!F63+'2ND QUARTER'!F63+'3RD QUARTER'!F63+'4TH QUARTER'!F63 -> 0 | G63: ='1ST QUARTER'!G63+'2ND QUARTER'!G63+'3RD QUARTER'!G63+'4TH QUARTER'!G63 -> 0 | H63: ='1ST QUARTER'!H63+'2ND QUARTER'!H63+'3RD QUARTER'!H63+'4TH QUARTER'!H63 -> 0 | I63: ='1ST QUARTER'!I63+'2ND QUARTER'!I63+'3RD QUARTER'!I63+'4TH QUARTER'!I63 -> 0 | J63: ='1ST QUARTER'!J63+'2ND QUARTER'!J63+'3RD QUARTER'!J63+'4TH QUARTER'!J63 -> 0 | ... AL63: ='1ST QUARTER'!AL63+'2ND QUARTER'!AL63+'3RD QUARTER'!AL63+'4TH QUARTER'!AL63 -> 0 | AM63: =C63+E63+G63+I63+K63+M63+O63+Q63+S63+U63+W63+Y63+AA63+AC63+AE63+AG63+AI63+AK63 -> 0 | AN63: =D63+F63+H63+J63+L63+N63+P63+R63+T63+V63+X63+Z63+AB63+AD63+AF63+AH63+AJ63+AL63 -> 0 | AO63: =AM63+AN63 -> 0
A64: COUGH | C64: ='1ST QUARTER'!C64+'2ND QUARTER'!C64+'3RD QUARTER'!C64+'4TH QUARTER'!C64 -> 0 | D64: ='1ST QUARTER'!D64+'2ND QUARTER'!D64+'3RD QUARTER'!D64+'4TH QUARTER'!D64 -> 0 | E64: ='1ST QUARTER'!E64+'2ND QUARTER'!E64+'3RD QUARTER'!E64+'4TH QUARTER'!E64 -> 0 | F64: ='1ST QUARTER'!F64+'2ND QUARTER'!F64+'3RD QUARTER'!F64+'4TH QUARTER'!F64 -> 0 | G64: ='1ST QUARTER'!G64+'2ND QUARTER'!G64+'3RD QUARTER'!G64+'4TH QUARTER'!G64 -> 0 | H64: ='1ST QUARTER'!H64+'2ND QUARTER'!H64+'3RD QUARTER'!H64+'4TH QUARTER'!H64 -> 0 | I64: ='1ST QUARTER'!I64+'2ND QUARTER'!I64+'3RD QUARTER'!I64+'4TH QUARTER'!I64 -> 0 | J64: ='1ST QUARTER'!J64+'2ND QUARTER'!J64+'3RD QUARTER'!J64+'4TH QUARTER'!J64 -> 0 | ... AL64: ='1ST QUARTER'!AL64+'2ND QUARTER'!AL64+'3RD QUARTER'!AL64+'4TH QUARTER'!AL64 -> 0 | AM64: =C64+E64+G64+I64+K64+M64+O64+Q64+S64+U64+W64+Y64+AA64+AC64+AE64+AG64+AI64+AK64 -> 0 | AN64: =D64+F64+H64+J64+L64+N64+P64+R64+T64+V64+X64+Z64+AB64+AD64+AF64+AH64+AJ64+AL64 -> 0 | AO64: =AM64+AN64 -> 0
A65: CARBUNCLE | C65: ='1ST QUARTER'!C65+'2ND QUARTER'!C65+'3RD QUARTER'!C65+'4TH QUARTER'!C65 -> 0 | D65: ='1ST QUARTER'!D65+'2ND QUARTER'!D65+'3RD QUARTER'!D65+'4TH QUARTER'!D65 -> 0 | E65: ='1ST QUARTER'!E65+'2ND QUARTER'!E65+'3RD QUARTER'!E65+'4TH QUARTER'!E65 -> 0 | F65: ='1ST QUARTER'!F65+'2ND QUARTER'!F65+'3RD QUARTER'!F65+'4TH QUARTER'!F65 -> 0 | G65: ='1ST QUARTER'!G65+'2ND QUARTER'!G65+'3RD QUARTER'!G65+'4TH QUARTER'!G65 -> 0 | H65: ='1ST QUARTER'!H65+'2ND QUARTER'!H65+'3RD QUARTER'!H65+'4TH QUARTER'!H65 -> 1 | I65: ='1ST QUARTER'!I65+'2ND QUARTER'!I65+'3RD QUARTER'!I65+'4TH QUARTER'!I65 -> 0 | J65: ='1ST QUARTER'!J65+'2ND QUARTER'!J65+'3RD QUARTER'!J65+'4TH QUARTER'!J65 -> 0 | ... AL65: ='1ST QUARTER'!AL65+'2ND QUARTER'!AL65+'3RD QUARTER'!AL65+'4TH QUARTER'!AL65 -> 0 | AM65: =C65+E65+G65+I65+K65+M65+O65+Q65+S65+U65+W65+Y65+AA65+AC65+AE65+AG65+AI65+AK65 -> 4 | AN65: =D65+F65+H65+J65+L65+N65+P65+R65+T65+V65+X65+Z65+AB65+AD65+AF65+AH65+AJ65+AL65 -> 9 | AO65: =AM65+AN65 -> 13
A66: CARDIAC PATHOLOGY | C66: ='1ST QUARTER'!C66+'2ND QUARTER'!C66+'3RD QUARTER'!C66+'4TH QUARTER'!C66 -> 0 | D66: ='1ST QUARTER'!D66+'2ND QUARTER'!D66+'3RD QUARTER'!D66+'4TH QUARTER'!D66 -> 0 | E66: ='1ST QUARTER'!E66+'2ND QUARTER'!E66+'3RD QUARTER'!E66+'4TH QUARTER'!E66 -> 0 | F66: ='1ST QUARTER'!F66+'2ND QUARTER'!F66+'3RD QUARTER'!F66+'4TH QUARTER'!F66 -> 0 | G66: ='1ST QUARTER'!G66+'2ND QUARTER'!G66+'3RD QUARTER'!G66+'4TH QUARTER'!G66 -> 0 | H66: ='1ST QUARTER'!H66+'2ND QUARTER'!H66+'3RD QUARTER'!H66+'4TH QUARTER'!H66 -> 0 | I66: ='1ST QUARTER'!I66+'2ND QUARTER'!I66+'3RD QUARTER'!I66+'4TH QUARTER'!I66 -> 0 | J66: ='1ST QUARTER'!J66+'2ND QUARTER'!J66+'3RD QUARTER'!J66+'4TH QUARTER'!J66 -> 0 | ... AL66: ='1ST QUARTER'!AL66+'2ND QUARTER'!AL66+'3RD QUARTER'!AL66+'4TH QUARTER'!AL66 -> 0 | AM66: =C66+E66+G66+I66+K66+M66+O66+Q66+S66+U66+W66+Y66+AA66+AC66+AE66+AG66+AI66+AK66 -> 0 | AN66: =D66+F66+H66+J66+L66+N66+P66+R66+T66+V66+X66+Z66+AB66+AD66+AF66+AH66+AJ66+AL66 -> 0 | AO66: =AM66+AN66 -> 0
A67: CANKER SORES | C67: ='1ST QUARTER'!C67+'2ND QUARTER'!C67+'3RD QUARTER'!C67+'4TH QUARTER'!C67 -> 0 | D67: ='1ST QUARTER'!D67+'2ND QUARTER'!D67+'3RD QUARTER'!D67+'4TH QUARTER'!D67 -> 0 | E67: ='1ST QUARTER'!E67+'2ND QUARTER'!E67+'3RD QUARTER'!E67+'4TH QUARTER'!E67 -> 0 | F67: ='1ST QUARTER'!F67+'2ND QUARTER'!F67+'3RD QUARTER'!F67+'4TH QUARTER'!F67 -> 0 | G67: ='1ST QUARTER'!G67+'2ND QUARTER'!G67+'3RD QUARTER'!G67+'4TH QUARTER'!G67 -> 0 | H67: ='1ST QUARTER'!H67+'2ND QUARTER'!H67+'3RD QUARTER'!H67+'4TH QUARTER'!H67 -> 0 | I67: ='1ST QUARTER'!I67+'2ND QUARTER'!I67+'3RD QUARTER'!I67+'4TH QUARTER'!I67 -> 0 | J67: ='1ST QUARTER'!J67+'2ND QUARTER'!J67+'3RD QUARTER'!J67+'4TH QUARTER'!J67 -> 0 | ... AL67: ='1ST QUARTER'!AL67+'2ND QUARTER'!AL67+'3RD QUARTER'!AL67+'4TH QUARTER'!AL67 -> 0 | AM67: =C67+E67+G67+I67+K67+M67+O67+Q67+S67+U67+W67+Y67+AA67+AC67+AE67+AG67+AI67+AK67 -> 0 | AN67: =D67+F67+H67+J67+L67+N67+P67+R67+T67+V67+X67+Z67+AB67+AD67+AF67+AH67+AJ67+AL67 -> 0 | AO67: =AM67+AN67 -> 0
A68: CHICKEN POX | C68: ='1ST QUARTER'!C68+'2ND QUARTER'!C68+'3RD QUARTER'!C68+'4TH QUARTER'!C68 -> 0 | D68: ='1ST QUARTER'!D68+'2ND QUARTER'!D68+'3RD QUARTER'!D68+'4TH QUARTER'!D68 -> 0 | E68: ='1ST QUARTER'!E68+'2ND QUARTER'!E68+'3RD QUARTER'!E68+'4TH QUARTER'!E68 -> 0 | F68: ='1ST QUARTER'!F68+'2ND QUARTER'!F68+'3RD QUARTER'!F68+'4TH QUARTER'!F68 -> 0 | G68: ='1ST QUARTER'!G68+'2ND QUARTER'!G68+'3RD QUARTER'!G68+'4TH QUARTER'!G68 -> 0 | H68: ='1ST QUARTER'!H68+'2ND QUARTER'!H68+'3RD QUARTER'!H68+'4TH QUARTER'!H68 -> 0 | I68: ='1ST QUARTER'!I68+'2ND QUARTER'!I68+'3RD QUARTER'!I68+'4TH QUARTER'!I68 -> 0 | J68: ='1ST QUARTER'!J68+'2ND QUARTER'!J68+'3RD QUARTER'!J68+'4TH QUARTER'!J68 -> 0 | ... AL68: ='1ST QUARTER'!AL68+'2ND QUARTER'!AL68+'3RD QUARTER'!AL68+'4TH QUARTER'!AL68 -> 0 | AM68: =C68+E68+G68+I68+K68+M68+O68+Q68+S68+U68+W68+Y68+AA68+AC68+AE68+AG68+AI68+AK68 -> 1 | AN68: =D68+F68+H68+J68+L68+N68+P68+R68+T68+V68+X68+Z68+AB68+AD68+AF68+AH68+AJ68+AL68 -> 0 | AO68: =AM68+AN68 -> 1
A69: CARDIAC DISORDER | C69: ='1ST QUARTER'!C69+'2ND QUARTER'!C69+'3RD QUARTER'!C69+'4TH QUARTER'!C69 -> 0 | D69: ='1ST QUARTER'!D69+'2ND QUARTER'!D69+'3RD QUARTER'!D69+'4TH QUARTER'!D69 -> 0 | E69: ='1ST QUARTER'!E69+'2ND QUARTER'!E69+'3RD QUARTER'!E69+'4TH QUARTER'!E69 -> 0 | F69: ='1ST QUARTER'!F69+'2ND QUARTER'!F69+'3RD QUARTER'!F69+'4TH QUARTER'!F69 -> 0 | G69: ='1ST QUARTER'!G69+'2ND QUARTER'!G69+'3RD QUARTER'!G69+'4TH QUARTER'!G69 -> 0 | H69: ='1ST QUARTER'!H69+'2ND QUARTER'!H69+'3RD QUARTER'!H69+'4TH QUARTER'!H69 -> 0 | I69: ='1ST QUARTER'!I69+'2ND QUARTER'!I69+'3RD QUARTER'!I69+'4TH QUARTER'!I69 -> 0 | J69: ='1ST QUARTER'!J69+'2ND QUARTER'!J69+'3RD QUARTER'!J69+'4TH QUARTER'!J69 -> 0 | ... AL69: ='1ST QUARTER'!AL69+'2ND QUARTER'!AL69+'3RD QUARTER'!AL69+'4TH QUARTER'!AL69 -> 0 | AM69: =C69+E69+G69+I69+K69+M69+O69+Q69+S69+U69+W69+Y69+AA69+AC69+AE69+AG69+AI69+AK69 -> 0 | AN69: =D69+F69+H69+J69+L69+N69+P69+R69+T69+V69+X69+Z69+AB69+AD69+AF69+AH69+AJ69+AL69 -> 0 | AO69: =AM69+AN69 -> 0
A70: CATARACT | C70: ='1ST QUARTER'!C70+'2ND QUARTER'!C70+'3RD QUARTER'!C70+'4TH QUARTER'!C70 -> 0 | D70: ='1ST QUARTER'!D70+'2ND QUARTER'!D70+'3RD QUARTER'!D70+'4TH QUARTER'!D70 -> 0 | E70: ='1ST QUARTER'!E70+'2ND QUARTER'!E70+'3RD QUARTER'!E70+'4TH QUARTER'!E70 -> 0 | F70: ='1ST QUARTER'!F70+'2ND QUARTER'!F70+'3RD QUARTER'!F70+'4TH QUARTER'!F70 -> 0 | G70: ='1ST QUARTER'!G70+'2ND QUARTER'!G70+'3RD QUARTER'!G70+'4TH QUARTER'!G70 -> 0 | H70: ='1ST QUARTER'!H70+'2ND QUARTER'!H70+'3RD QUARTER'!H70+'4TH QUARTER'!H70 -> 0 | I70: ='1ST QUARTER'!I70+'2ND QUARTER'!I70+'3RD QUARTER'!I70+'4TH QUARTER'!I70 -> 0 | J70: ='1ST QUARTER'!J70+'2ND QUARTER'!J70+'3RD QUARTER'!J70+'4TH QUARTER'!J70 -> 0 | ... AL70: ='1ST QUARTER'!AL70+'2ND QUARTER'!AL70+'3RD QUARTER'!AL70+'4TH QUARTER'!AL70 -> 0 | AM70: =C70+E70+G70+I70+K70+M70+O70+Q70+S70+U70+W70+Y70+AA70+AC70+AE70+AG70+AI70+AK70 -> 0 | AN70: =D70+F70+H70+J70+L70+N70+P70+R70+T70+V70+X70+Z70+AB70+AD70+AF70+AH70+AJ70+AL70 -> 0 | AO70: =AM70+AN70 -> 0
A71: CONSTIPATION | C71: ='1ST QUARTER'!C71+'2ND QUARTER'!C71+'3RD QUARTER'!C71+'4TH QUARTER'!C71 -> 0 | D71: ='1ST QUARTER'!D71+'2ND QUARTER'!D71+'3RD QUARTER'!D71+'4TH QUARTER'!D71 -> 0 | E71: ='1ST QUARTER'!E71+'2ND QUARTER'!E71+'3RD QUARTER'!E71+'4TH QUARTER'!E71 -> 0 | F71: ='1ST QUARTER'!F71+'2ND QUARTER'!F71+'3RD QUARTER'!F71+'4TH QUARTER'!F71 -> 0 | G71: ='1ST QUARTER'!G71+'2ND QUARTER'!G71+'3RD QUARTER'!G71+'4TH QUARTER'!G71 -> 0 | H71: ='1ST QUARTER'!H71+'2ND QUARTER'!H71+'3RD QUARTER'!H71+'4TH QUARTER'!H71 -> 0 | I71: ='1ST QUARTER'!I71+'2ND QUARTER'!I71+'3RD QUARTER'!I71+'4TH QUARTER'!I71 -> 0 | J71: ='1ST QUARTER'!J71+'2ND QUARTER'!J71+'3RD QUARTER'!J71+'4TH QUARTER'!J71 -> 0 | ... AL71: ='1ST QUARTER'!AL71+'2ND QUARTER'!AL71+'3RD QUARTER'!AL71+'4TH QUARTER'!AL71 -> 0 | AM71: =C71+E71+G71+I71+K71+M71+O71+Q71+S71+U71+W71+Y71+AA71+AC71+AE71+AG71+AI71+AK71 -> 0 | AN71: =D71+F71+H71+J71+L71+N71+P71+R71+T71+V71+X71+Z71+AB71+AD71+AF71+AH71+AJ71+AL71 -> 0 | AO71: =AM71+AN71 -> 0
A72: CONJUCTIVITIS | C72: ='1ST QUARTER'!C72+'2ND QUARTER'!C72+'3RD QUARTER'!C72+'4TH QUARTER'!C72 -> 0 | D72: ='1ST QUARTER'!D72+'2ND QUARTER'!D72+'3RD QUARTER'!D72+'4TH QUARTER'!D72 -> 0 | E72: ='1ST QUARTER'!E72+'2ND QUARTER'!E72+'3RD QUARTER'!E72+'4TH QUARTER'!E72 -> 0 | F72: ='1ST QUARTER'!F72+'2ND QUARTER'!F72+'3RD QUARTER'!F72+'4TH QUARTER'!F72 -> 0 | G72: ='1ST QUARTER'!G72+'2ND QUARTER'!G72+'3RD QUARTER'!G72+'4TH QUARTER'!G72 -> 0 | H72: ='1ST QUARTER'!H72+'2ND QUARTER'!H72+'3RD QUARTER'!H72+'4TH QUARTER'!H72 -> 0 | I72: ='1ST QUARTER'!I72+'2ND QUARTER'!I72+'3RD QUARTER'!I72+'4TH QUARTER'!I72 -> 0 | J72: ='1ST QUARTER'!J72+'2ND QUARTER'!J72+'3RD QUARTER'!J72+'4TH QUARTER'!J72 -> 0 | ... AL72: ='1ST QUARTER'!AL72+'2ND QUARTER'!AL72+'3RD QUARTER'!AL72+'4TH QUARTER'!AL72 -> 0 | AM72: =C72+E72+G72+I72+K72+M72+O72+Q72+S72+U72+W72+Y72+AA72+AC72+AE72+AG72+AI72+AK72 -> 0 | AN72: =D72+F72+H72+J72+L72+N72+P72+R72+T72+V72+X72+Z72+AB72+AD72+AF72+AH72+AJ72+AL72 -> 0 | AO72: =AM72+AN72 -> 0
... A78: CHRONIC SINUSITIS | C78: ='1ST QUARTER'!C78+'2ND QUARTER'!C78+'3RD QUARTER'!C78+'4TH QUARTER'!C78 -> 0 | D78: ='1ST QUARTER'!D78+'2ND QUARTER'!D78+'3RD QUARTER'!D78+'4TH QUARTER'!D78 -> 0 | E78: ='1ST QUARTER'!E78+'2ND QUARTER'!E78+'3RD QUARTER'!E78+'4TH QUARTER'!E78 -> 0 | F78: ='1ST QUARTER'!F78+'2ND QUARTER'!F78+'3RD QUARTER'!F78+'4TH QUARTER'!F78 -> 0 | G78: ='1ST QUARTER'!G78+'2ND QUARTER'!G78+'3RD QUARTER'!G78+'4TH QUARTER'!G78 -> 0 | H78: ='1ST QUARTER'!H78+'2ND QUARTER'!H78+'3RD QUARTER'!H78+'4TH QUARTER'!H78 -> 0 | I78: ='1ST QUARTER'!I78+'2ND QUARTER'!I78+'3RD QUARTER'!I78+'4TH QUARTER'!I78 -> 0 | J78: ='1ST QUARTER'!J78+'2ND QUARTER'!J78+'3RD QUARTER'!J78+'4TH QUARTER'!J78 -> 0 | ... AL78: ='1ST QUARTER'!AL78+'2ND QUARTER'!AL78+'3RD QUARTER'!AL78+'4TH QUARTER'!AL78 -> 0 | AM78: =C78+E78+G78+I78+K78+M78+O78+Q78+S78+U78+W78+Y78+AA78+AC78+AE78+AG78+AI78+AK78 -> 0 | AN78: =D78+F78+H78+J78+L78+N78+P78+R78+T78+V78+X78+Z78+AB78+AD78+AF78+AH78+AJ78+AL78 -> 0 | AO78: =AM78+AN78 -> 0
A79: D
A80: DIABETES MELLITUS | C80: ='1ST QUARTER'!C80+'2ND QUARTER'!C80+'3RD QUARTER'!C80+'4TH QUARTER'!C80 -> 0 | D80: ='1ST QUARTER'!D80+'2ND QUARTER'!D80+'3RD QUARTER'!D80+'4TH QUARTER'!D80 -> 0 | E80: ='1ST QUARTER'!E80+'2ND QUARTER'!E80+'3RD QUARTER'!E80+'4TH QUARTER'!E80 -> 0 | F80: ='1ST QUARTER'!F80+'2ND QUARTER'!F80+'3RD QUARTER'!F80+'4TH QUARTER'!F80 -> 0 | G80: ='1ST QUARTER'!G80+'2ND QUARTER'!G80+'3RD QUARTER'!G80+'4TH QUARTER'!G80 -> 0 | H80: ='1ST QUARTER'!H80+'2ND QUARTER'!H80+'3RD QUARTER'!H80+'4TH QUARTER'!H80 -> 0 | I80: ='1ST QUARTER'!I80+'2ND QUARTER'!I80+'3RD QUARTER'!I80+'4TH QUARTER'!I80 -> 0 | J80: ='1ST QUARTER'!J80+'2ND QUARTER'!J80+'3RD QUARTER'!J80+'4TH QUARTER'!J80 -> 0 | ... AL80: ='1ST QUARTER'!AL80+'2ND QUARTER'!AL80+'3RD QUARTER'!AL80+'4TH QUARTER'!AL80 -> 14 | AM80: =C80+E80+G80+I80+K80+M80+O80+Q80+S80+U80+W80+Y80+AA80+AC80+AE80+AG80+AI80+AK80 -> 50 | AN80: =D80+F80+H80+J80+L80+N80+P80+R80+T80+V80+X80+Z80+AB80+AD80+AF80+AH80+AJ80+AL80 -> 115 | AO80: =AM80+AN80 -> 165
A81: DENGUE FEVER | C81: ='1ST QUARTER'!C81+'2ND QUARTER'!C81+'3RD QUARTER'!C81+'4TH QUARTER'!C81 -> 0 | D81: ='1ST QUARTER'!D81+'2ND QUARTER'!D81+'3RD QUARTER'!D81+'4TH QUARTER'!D81 -> 0 | E81: ='1ST QUARTER'!E81+'2ND QUARTER'!E81+'3RD QUARTER'!E81+'4TH QUARTER'!E81 -> 0 | F81: ='1ST QUARTER'!F81+'2ND QUARTER'!F81+'3RD QUARTER'!F81+'4TH QUARTER'!F81 -> 0 | G81: ='1ST QUARTER'!G81+'2ND QUARTER'!G81+'3RD QUARTER'!G81+'4TH QUARTER'!G81 -> 0 | H81: ='1ST QUARTER'!H81+'2ND QUARTER'!H81+'3RD QUARTER'!H81+'4TH QUARTER'!H81 -> 0 | I81: ='1ST QUARTER'!I81+'2ND QUARTER'!I81+'3RD QUARTER'!I81+'4TH QUARTER'!I81 -> 1 | J81: ='1ST QUARTER'!J81+'2ND QUARTER'!J81+'3RD QUARTER'!J81+'4TH QUARTER'!J81 -> 0 | ... AL81: ='1ST QUARTER'!AL81+'2ND QUARTER'!AL81+'3RD QUARTER'!AL81+'4TH QUARTER'!AL81 -> 0 | AM81: =C81+E81+G81+I81+K81+M81+O81+Q81+S81+U81+W81+Y81+AA81+AC81+AE81+AG81+AI81+AK81 -> 2 | AN81: =D81+F81+H81+J81+L81+N81+P81+R81+T81+V81+X81+Z81+AB81+AD81+AF81+AH81+AJ81+AL81 -> 1 | AO81: =AM81+AN81 -> 3
A82: DENTAL PROBLEM | C82: ='1ST QUARTER'!C82+'2ND QUARTER'!C82+'3RD QUARTER'!C82+'4TH QUARTER'!C82 -> 0 | D82: ='1ST QUARTER'!D82+'2ND QUARTER'!D82+'3RD QUARTER'!D82+'4TH QUARTER'!D82 -> 0 | E82: ='1ST QUARTER'!E82+'2ND QUARTER'!E82+'3RD QUARTER'!E82+'4TH QUARTER'!E82 -> 0 | F82: ='1ST QUARTER'!F82+'2ND QUARTER'!F82+'3RD QUARTER'!F82+'4TH QUARTER'!F82 -> 0 | G82: ='1ST QUARTER'!G82+'2ND QUARTER'!G82+'3RD QUARTER'!G82+'4TH QUARTER'!G82 -> 0 | H82: ='1ST QUARTER'!H82+'2ND QUARTER'!H82+'3RD QUARTER'!H82+'4TH QUARTER'!H82 -> 0 | I82: ='1ST QUARTER'!I82+'2ND QUARTER'!I82+'3RD QUARTER'!I82+'4TH QUARTER'!I82 -> 0 | J82: ='1ST QUARTER'!J82+'2ND QUARTER'!J82+'3RD QUARTER'!J82+'4TH QUARTER'!J82 -> 0 | ... AL82: ='1ST QUARTER'!AL82+'2ND QUARTER'!AL82+'3RD QUARTER'!AL82+'4TH QUARTER'!AL82 -> 0 | AM82: =C82+E82+G82+I82+K82+M82+O82+Q82+S82+U82+W82+Y82+AA82+AC82+AE82+AG82+AI82+AK82 -> 0 | AN82: =D82+F82+H82+J82+L82+N82+P82+R82+T82+V82+X82+Z82+AB82+AD82+AF82+AH82+AJ82+AL82 -> 0 | AO82: =AM82+AN82 -> 0
A83: DENTAL ABCESS | C83: ='1ST QUARTER'!C83+'2ND QUARTER'!C83+'3RD QUARTER'!C83+'4TH QUARTER'!C83 -> 0 | D83: ='1ST QUARTER'!D83+'2ND QUARTER'!D83+'3RD QUARTER'!D83+'4TH QUARTER'!D83 -> 0 | E83: ='1ST QUARTER'!E83+'2ND QUARTER'!E83+'3RD QUARTER'!E83+'4TH QUARTER'!E83 -> 0 | F83: ='1ST QUARTER'!F83+'2ND QUARTER'!F83+'3RD QUARTER'!F83+'4TH QUARTER'!F83 -> 0 | G83: ='1ST QUARTER'!G83+'2ND QUARTER'!G83+'3RD QUARTER'!G83+'4TH QUARTER'!G83 -> 0 | H83: ='1ST QUARTER'!H83+'2ND QUARTER'!H83+'3RD QUARTER'!H83+'4TH QUARTER'!H83 -> 0 | I83: ='1ST QUARTER'!I83+'2ND QUARTER'!I83+'3RD QUARTER'!I83+'4TH QUARTER'!I83 -> 0 | J83: ='1ST QUARTER'!J83+'2ND QUARTER'!J83+'3RD QUARTER'!J83+'4TH QUARTER'!J83 -> 0 | ... AL83: ='1ST QUARTER'!AL83+'2ND QUARTER'!AL83+'3RD QUARTER'!AL83+'4TH QUARTER'!AL83 -> 0 | AM83: =C83+E83+G83+I83+K83+M83+O83+Q83+S83+U83+W83+Y83+AA83+AC83+AE83+AG83+AI83+AK83 -> 0 | AN83: =D83+F83+H83+J83+L83+N83+P83+R83+T83+V83+X83+Z83+AB83+AD83+AF83+AH83+AJ83+AL83 -> 1 | AO83: =AM83+AN83 -> 1
A84: DIABETIC FOOT | C84: ='1ST QUARTER'!C84+'2ND QUARTER'!C84+'3RD QUARTER'!C84+'4TH QUARTER'!C84 -> 0 | D84: ='1ST QUARTER'!D84+'2ND QUARTER'!D84+'3RD QUARTER'!D84+'4TH QUARTER'!D84 -> 0 | E84: ='1ST QUARTER'!E84+'2ND QUARTER'!E84+'3RD QUARTER'!E84+'4TH QUARTER'!E84 -> 0 | F84: ='1ST QUARTER'!F84+'2ND QUARTER'!F84+'3RD QUARTER'!F84+'4TH QUARTER'!F84 -> 0 | G84: ='1ST QUARTER'!G84+'2ND QUARTER'!G84+'3RD QUARTER'!G84+'4TH QUARTER'!G84 -> 0 | H84: ='1ST QUARTER'!H84+'2ND QUARTER'!H84+'3RD QUARTER'!H84+'4TH QUARTER'!H84 -> 0 | I84: ='1ST QUARTER'!I84+'2ND QUARTER'!I84+'3RD QUARTER'!I84+'4TH QUARTER'!I84 -> 0 | J84: ='1ST QUARTER'!J84+'2ND QUARTER'!J84+'3RD QUARTER'!J84+'4TH QUARTER'!J84 -> 0 | ... AL84: ='1ST QUARTER'!AL84+'2ND QUARTER'!AL84+'3RD QUARTER'!AL84+'4TH QUARTER'!AL84 -> 0 | AM84: =C84+E84+G84+I84+K84+M84+O84+Q84+S84+U84+W84+Y84+AA84+AC84+AE84+AG84+AI84+AK84 -> 0 | AN84: =D84+F84+H84+J84+L84+N84+P84+R84+T84+V84+X84+Z84+AB84+AD84+AF84+AH84+AJ84+AL84 -> 0 | AO84: =AM84+AN84 -> 0
A85: DIABETIC NEPHROPATHY | C85: ='1ST QUARTER'!C85+'2ND QUARTER'!C85+'3RD QUARTER'!C85+'4TH QUARTER'!C85 -> 0 | D85: ='1ST QUARTER'!D85+'2ND QUARTER'!D85+'3RD QUARTER'!D85+'4TH QUARTER'!D85 -> 0 | E85: ='1ST QUARTER'!E85+'2ND QUARTER'!E85+'3RD QUARTER'!E85+'4TH QUARTER'!E85 -> 0 | F85: ='1ST QUARTER'!F85+'2ND QUARTER'!F85+'3RD QUARTER'!F85+'4TH QUARTER'!F85 -> 0 | G85: ='1ST QUARTER'!G85+'2ND QUARTER'!G85+'3RD QUARTER'!G85+'4TH QUARTER'!G85 -> 0 | H85: ='1ST QUARTER'!H85+'2ND QUARTER'!H85+'3RD QUARTER'!H85+'4TH QUARTER'!H85 -> 0 | I85: ='1ST QUARTER'!I85+'2ND QUARTER'!I85+'3RD QUARTER'!I85+'4TH QUARTER'!I85 -> 0 | J85: ='1ST QUARTER'!J85+'2ND QUARTER'!J85+'3RD QUARTER'!J85+'4TH QUARTER'!J85 -> 0 | ... AL85: ='1ST QUARTER'!AL85+'2ND QUARTER'!AL85+'3RD QUARTER'!AL85+'4TH QUARTER'!AL85 -> 0 | AM85: =C85+E85+G85+I85+K85+M85+O85+Q85+S85+U85+W85+Y85+AA85+AC85+AE85+AG85+AI85+AK85 -> 0 | AN85: =D85+F85+H85+J85+L85+N85+P85+R85+T85+V85+X85+Z85+AB85+AD85+AF85+AH85+AJ85+AL85 -> 0 | AO85: =AM85+AN85 -> 0
A86: DYSMENORRHEA | C86: ='1ST QUARTER'!C86+'2ND QUARTER'!C86+'3RD QUARTER'!C86+'4TH QUARTER'!C86 -> 0 | D86: ='1ST QUARTER'!D86+'2ND QUARTER'!D86+'3RD QUARTER'!D86+'4TH QUARTER'!D86 -> 0 | E86: ='1ST QUARTER'!E86+'2ND QUARTER'!E86+'3RD QUARTER'!E86+'4TH QUARTER'!E86 -> 0 | F86: ='1ST QUARTER'!F86+'2ND QUARTER'!F86+'3RD QUARTER'!F86+'4TH QUARTER'!F86 -> 0 | G86: ='1ST QUARTER'!G86+'2ND QUARTER'!G86+'3RD QUARTER'!G86+'4TH QUARTER'!G86 -> 0 | H86: ='1ST QUARTER'!H86+'2ND QUARTER'!H86+'3RD QUARTER'!H86+'4TH QUARTER'!H86 -> 0 | I86: ='1ST QUARTER'!I86+'2ND QUARTER'!I86+'3RD QUARTER'!I86+'4TH QUARTER'!I86 -> 0 | J86: ='1ST QUARTER'!J86+'2ND QUARTER'!J86+'3RD QUARTER'!J86+'4TH QUARTER'!J86 -> 0 | ... AL86: ='1ST QUARTER'!AL86+'2ND QUARTER'!AL86+'3RD QUARTER'!AL86+'4TH QUARTER'!AL86 -> 0 | AM86: =C86+E86+G86+I86+K86+M86+O86+Q86+S86+U86+W86+Y86+AA86+AC86+AE86+AG86+AI86+AK86 -> 0 | AN86: =D86+F86+H86+J86+L86+N86+P86+R86+T86+V86+X86+Z86+AB86+AD86+AF86+AH86+AJ86+AL86 -> 1 | AO86: =AM86+AN86 -> 1
C87: ='1ST QUARTER'!C87+'2ND QUARTER'!C87+'3RD QUARTER'!C87+'4TH QUARTER'!C87 -> 0 | D87: ='1ST QUARTER'!D87+'2ND QUARTER'!D87+'3RD QUARTER'!D87+'4TH QUARTER'!D87 -> 0 | E87: ='1ST QUARTER'!E87+'2ND QUARTER'!E87+'3RD QUARTER'!E87+'4TH QUARTER'!E87 -> 0 | F87: ='1ST QUARTER'!F87+'2ND QUARTER'!F87+'3RD QUARTER'!F87+'4TH QUARTER'!F87 -> 0 | G87: ='1ST QUARTER'!G87+'2ND QUARTER'!G87+'3RD QUARTER'!G87+'4TH QUARTER'!G87 -> 0 | H87: ='1ST QUARTER'!H87+'2ND QUARTER'!H87+'3RD QUARTER'!H87+'4TH QUARTER'!H87 -> 0 | I87: ='1ST QUARTER'!I87+'2ND QUARTER'!I87+'3RD QUARTER'!I87+'4TH QUARTER'!I87 -> 0 | J87: ='1ST QUARTER'!J87+'2ND QUARTER'!J87+'3RD QUARTER'!J87+'4TH QUARTER'!J87 -> 0 | ... AL87: ='1ST QUARTER'!AL87+'2ND QUARTER'!AL87+'3RD QUARTER'!AL87+'4TH QUARTER'!AL87 -> 0 | AM87: =C87+E87+G87+I87+K87+M87+O87+Q87+S87+U87+W87+Y87+AA87+AC87+AE87+AG87+AI87+AK87 -> 0 | AN87: =D87+F87+H87+J87+L87+N87+P87+R87+T87+V87+X87+Z87+AB87+AD87+AF87+AH87+AJ87+AL87 -> 0 | AO87: =AM87+AN87 -> 0
C88: ='1ST QUARTER'!C88+'2ND QUARTER'!C88+'3RD QUARTER'!C88+'4TH QUARTER'!C88 -> 0 | D88: ='1ST QUARTER'!D88+'2ND QUARTER'!D88+'3RD QUARTER'!D88+'4TH QUARTER'!D88 -> 0 | E88: ='1ST QUARTER'!E88+'2ND QUARTER'!E88+'3RD QUARTER'!E88+'4TH QUARTER'!E88 -> 0 | F88: ='1ST QUARTER'!F88+'2ND QUARTER'!F88+'3RD QUARTER'!F88+'4TH QUARTER'!F88 -> 0 | G88: ='1ST QUARTER'!G88+'2ND QUARTER'!G88+'3RD QUARTER'!G88+'4TH QUARTER'!G88 -> 0 | H88: ='1ST QUARTER'!H88+'2ND QUARTER'!H88+'3RD QUARTER'!H88+'4TH QUARTER'!H88 -> 0 | I88: ='1ST QUARTER'!I88+'2ND QUARTER'!I88+'3RD QUARTER'!I88+'4TH QUARTER'!I88 -> 0 | J88: ='1ST QUARTER'!J88+'2ND QUARTER'!J88+'3RD QUARTER'!J88+'4TH QUARTER'!J88 -> 0 | ... AL88: ='1ST QUARTER'!AL88+'2ND QUARTER'!AL88+'3RD QUARTER'!AL88+'4TH QUARTER'!AL88 -> 0 | AM88: =C88+E88+G88+I88+K88+M88+O88+Q88+S88+U88+W88+Y88+AA88+AC88+AE88+AG88+AI88+AK88 -> 0 | AN88: =D88+F88+H88+J88+L88+N88+P88+R88+T88+V88+X88+Z88+AB88+AD88+AF88+AH88+AJ88+AL88 -> 0 | AO88: =AM88+AN88 -> 0
C89: ='1ST QUARTER'!C89+'2ND QUARTER'!C89+'3RD QUARTER'!C89+'4TH QUARTER'!C89 -> 0 | D89: ='1ST QUARTER'!D89+'2ND QUARTER'!D89+'3RD QUARTER'!D89+'4TH QUARTER'!D89 -> 0 | E89: ='1ST QUARTER'!E89+'2ND QUARTER'!E89+'3RD QUARTER'!E89+'4TH QUARTER'!E89 -> 0 | F89: ='1ST QUARTER'!F89+'2ND QUARTER'!F89+'3RD QUARTER'!F89+'4TH QUARTER'!F89 -> 0 | G89: ='1ST QUARTER'!G89+'2ND QUARTER'!G89+'3RD QUARTER'!G89+'4TH QUARTER'!G89 -> 0 | H89: ='1ST QUARTER'!H89+'2ND QUARTER'!H89+'3RD QUARTER'!H89+'4TH QUARTER'!H89 -> 0 | I89: ='1ST QUARTER'!I89+'2ND QUARTER'!I89+'3RD QUARTER'!I89+'4TH QUARTER'!I89 -> 0 | J89: ='1ST QUARTER'!J89+'2ND QUARTER'!J89+'3RD QUARTER'!J89+'4TH QUARTER'!J89 -> 0 | ... AL89: ='1ST QUARTER'!AL89+'2ND QUARTER'!AL89+'3RD QUARTER'!AL89+'4TH QUARTER'!AL89 -> 0 | AM89: =C89+E89+G89+I89+K89+M89+O89+Q89+S89+U89+W89+Y89+AA89+AC89+AE89+AG89+AI89+AK89 -> 0 | AN89: =D89+F89+H89+J89+L89+N89+P89+R89+T89+V89+X89+Z89+AB89+AD89+AF89+AH89+AJ89+AL89 -> 0 | AO89: =AM89+AN89 -> 0
C90: ='1ST QUARTER'!C90+'2ND QUARTER'!C90+'3RD QUARTER'!C90+'4TH QUARTER'!C90 -> 0 | D90: ='1ST QUARTER'!D90+'2ND QUARTER'!D90+'3RD QUARTER'!D90+'4TH QUARTER'!D90 -> 0 | E90: ='1ST QUARTER'!E90+'2ND QUARTER'!E90+'3RD QUARTER'!E90+'4TH QUARTER'!E90 -> 0 | F90: ='1ST QUARTER'!F90+'2ND QUARTER'!F90+'3RD QUARTER'!F90+'4TH QUARTER'!F90 -> 0 | G90: ='1ST QUARTER'!G90+'2ND QUARTER'!G90+'3RD QUARTER'!G90+'4TH QUARTER'!G90 -> 0 | H90: ='1ST QUARTER'!H90+'2ND QUARTER'!H90+'3RD QUARTER'!H90+'4TH QUARTER'!H90 -> 0 | I90: ='1ST QUARTER'!I90+'2ND QUARTER'!I90+'3RD QUARTER'!I90+'4TH QUARTER'!I90 -> 0 | J90: ='1ST QUARTER'!J90+'2ND QUARTER'!J90+'3RD QUARTER'!J90+'4TH QUARTER'!J90 -> 0 | ... AL90: ='1ST QUARTER'!AL90+'2ND QUARTER'!AL90+'3RD QUARTER'!AL90+'4TH QUARTER'!AL90 -> 0 | AM90: =C90+E90+G90+I90+K90+M90+O90+Q90+S90+U90+W90+Y90+AA90+AC90+AE90+AG90+AI90+AK90 -> 0 | AN90: =D90+F90+H90+J90+L90+N90+P90+R90+T90+V90+X90+Z90+AB90+AD90+AF90+AH90+AJ90+AL90 -> 0 | AO90: =AM90+AN90 -> 0
A91: E
A92: ENT PROBLEM | C92: ='1ST QUARTER'!C92+'2ND QUARTER'!C92+'3RD QUARTER'!C92+'4TH QUARTER'!C92 -> 0 | D92: ='1ST QUARTER'!D92+'2ND QUARTER'!D92+'3RD QUARTER'!D92+'4TH QUARTER'!D92 -> 0 | E92: ='1ST QUARTER'!E92+'2ND QUARTER'!E92+'3RD QUARTER'!E92+'4TH QUARTER'!E92 -> 0 | F92: ='1ST QUARTER'!F92+'2ND QUARTER'!F92+'3RD QUARTER'!F92+'4TH QUARTER'!F92 -> 0 | G92: ='1ST QUARTER'!G92+'2ND QUARTER'!G92+'3RD QUARTER'!G92+'4TH QUARTER'!G92 -> 0 | H92: ='1ST QUARTER'!H92+'2ND QUARTER'!H92+'3RD QUARTER'!H92+'4TH QUARTER'!H92 -> 0 | I92: ='1ST QUARTER'!I92+'2ND QUARTER'!I92+'3RD QUARTER'!I92+'4TH QUARTER'!I92 -> 0 | J92: ='1ST QUARTER'!J92+'2ND QUARTER'!J92+'3RD QUARTER'!J92+'4TH QUARTER'!J92 -> 0 | ... AL92: ='1ST QUARTER'!AL92+'2ND QUARTER'!AL92+'3RD QUARTER'!AL92+'4TH QUARTER'!AL92 -> 0 | AM92: =C92+E92+G92+I92+K92+M92+O92+Q92+S92+U92+W92+Y92+AA92+AC92+AE92+AG92+AI92+AK92 -> 0 | AN92: =D92+F92+H92+J92+L92+N92+P92+R92+T92+V92+X92+Z92+AB92+AD92+AF92+AH92+AJ92+AL92 -> 0 | AO92: =AM92+AN92 -> 0
A93: EAR INFECTION | C93: ='1ST QUARTER'!C93+'2ND QUARTER'!C93+'3RD QUARTER'!C93+'4TH QUARTER'!C93 -> 0 | D93: ='1ST QUARTER'!D93+'2ND QUARTER'!D93+'3RD QUARTER'!D93+'4TH QUARTER'!D93 -> 0 | E93: ='1ST QUARTER'!E93+'2ND QUARTER'!E93+'3RD QUARTER'!E93+'4TH QUARTER'!E93 -> 0 | F93: ='1ST QUARTER'!F93+'2ND QUARTER'!F93+'3RD QUARTER'!F93+'4TH QUARTER'!F93 -> 0 | G93: ='1ST QUARTER'!G93+'2ND QUARTER'!G93+'3RD QUARTER'!G93+'4TH QUARTER'!G93 -> 0 | H93: ='1ST QUARTER'!H93+'2ND QUARTER'!H93+'3RD QUARTER'!H93+'4TH QUARTER'!H93 -> 0 | I93: ='1ST QUARTER'!I93+'2ND QUARTER'!I93+'3RD QUARTER'!I93+'4TH QUARTER'!I93 -> 0 | J93: ='1ST QUARTER'!J93+'2ND QUARTER'!J93+'3RD QUARTER'!J93+'4TH QUARTER'!J93 -> 0 | ... AL93: ='1ST QUARTER'!AL93+'2ND QUARTER'!AL93+'3RD QUARTER'!AL93+'4TH QUARTER'!AL93 -> 0 | AM93: =C93+E93+G93+I93+K93+M93+O93+Q93+S93+U93+W93+Y93+AA93+AC93+AE93+AG93+AI93+AK93 -> 0 | AN93: =D93+F93+H93+J93+L93+N93+P93+R93+T93+V93+X93+Z93+AB93+AD93+AF93+AH93+AJ93+AL93 -> 0 | AO93: =AM93+AN93 -> 0
A94: EPIGASTRIC PAIN | C94: ='1ST QUARTER'!C94+'2ND QUARTER'!C94+'3RD QUARTER'!C94+'4TH QUARTER'!C94 -> 0 | D94: ='1ST QUARTER'!D94+'2ND QUARTER'!D94+'3RD QUARTER'!D94+'4TH QUARTER'!D94 -> 0 | E94: ='1ST QUARTER'!E94+'2ND QUARTER'!E94+'3RD QUARTER'!E94+'4TH QUARTER'!E94 -> 0 | F94: ='1ST QUARTER'!F94+'2ND QUARTER'!F94+'3RD QUARTER'!F94+'4TH QUARTER'!F94 -> 0 | G94: ='1ST QUARTER'!G94+'2ND QUARTER'!G94+'3RD QUARTER'!G94+'4TH QUARTER'!G94 -> 0 | H94: ='1ST QUARTER'!H94+'2ND QUARTER'!H94+'3RD QUARTER'!H94+'4TH QUARTER'!H94 -> 0 | I94: ='1ST QUARTER'!I94+'2ND QUARTER'!I94+'3RD QUARTER'!I94+'4TH QUARTER'!I94 -> 0 | J94: ='1ST QUARTER'!J94+'2ND QUARTER'!J94+'3RD QUARTER'!J94+'4TH QUARTER'!J94 -> 0 | ... AL94: ='1ST QUARTER'!AL94+'2ND QUARTER'!AL94+'3RD QUARTER'!AL94+'4TH QUARTER'!AL94 -> 0 | AM94: =C94+E94+G94+I94+K94+M94+O94+Q94+S94+U94+W94+Y94+AA94+AC94+AE94+AG94+AI94+AK94 -> 0 | AN94: =D94+F94+H94+J94+L94+N94+P94+R94+T94+V94+X94+Z94+AB94+AD94+AF94+AH94+AJ94+AL94 -> 0 | AO94: =AM94+AN94 -> 0
A95: EMPHYSEMA | C95: ='1ST QUARTER'!C95+'2ND QUARTER'!C95+'3RD QUARTER'!C95+'4TH QUARTER'!C95 -> 0 | D95: ='1ST QUARTER'!D95+'2ND QUARTER'!D95+'3RD QUARTER'!D95+'4TH QUARTER'!D95 -> 0 | E95: ='1ST QUARTER'!E95+'2ND QUARTER'!E95+'3RD QUARTER'!E95+'4TH QUARTER'!E95 -> 0 | F95: ='1ST QUARTER'!F95+'2ND QUARTER'!F95+'3RD QUARTER'!F95+'4TH QUARTER'!F95 -> 0 | G95: ='1ST QUARTER'!G95+'2ND QUARTER'!G95+'3RD QUARTER'!G95+'4TH QUARTER'!G95 -> 0 | H95: ='1ST QUARTER'!H95+'2ND QUARTER'!H95+'3RD QUARTER'!H95+'4TH QUARTER'!H95 -> 0 | I95: ='1ST QUARTER'!I95+'2ND QUARTER'!I95+'3RD QUARTER'!I95+'4TH QUARTER'!I95 -> 0 | J95: ='1ST QUARTER'!J95+'2ND QUARTER'!J95+'3RD QUARTER'!J95+'4TH QUARTER'!J95 -> 0 | ... AL95: ='1ST QUARTER'!AL95+'2ND QUARTER'!AL95+'3RD QUARTER'!AL95+'4TH QUARTER'!AL95 -> 0 | AM95: =C95+E95+G95+I95+K95+M95+O95+Q95+S95+U95+W95+Y95+AA95+AC95+AE95+AG95+AI95+AK95 -> 0 | AN95: =D95+F95+H95+J95+L95+N95+P95+R95+T95+V95+X95+Z95+AB95+AD95+AF95+AH95+AJ95+AL95 -> 0 | AO95: =AM95+AN95 -> 0
A96: EYE DISORDER | C96: ='1ST QUARTER'!C96+'2ND QUARTER'!C96+'3RD QUARTER'!C96+'4TH QUARTER'!C96 -> 0 | D96: ='1ST QUARTER'!D96+'2ND QUARTER'!D96+'3RD QUARTER'!D96+'4TH QUARTER'!D96 -> 0 | E96: ='1ST QUARTER'!E96+'2ND QUARTER'!E96+'3RD QUARTER'!E96+'4TH QUARTER'!E96 -> 0 | F96: ='1ST QUARTER'!F96+'2ND QUARTER'!F96+'3RD QUARTER'!F96+'4TH QUARTER'!F96 -> 0 | G96: ='1ST QUARTER'!G96+'2ND QUARTER'!G96+'3RD QUARTER'!G96+'4TH QUARTER'!G96 -> 0 | H96: ='1ST QUARTER'!H96+'2ND QUARTER'!H96+'3RD QUARTER'!H96+'4TH QUARTER'!H96 -> 0 | I96: ='1ST QUARTER'!I96+'2ND QUARTER'!I96+'3RD QUARTER'!I96+'4TH QUARTER'!I96 -> 0 | J96: ='1ST QUARTER'!J96+'2ND QUARTER'!J96+'3RD QUARTER'!J96+'4TH QUARTER'!J96 -> 0 | ... AL96: ='1ST QUARTER'!AL96+'2ND QUARTER'!AL96+'3RD QUARTER'!AL96+'4TH QUARTER'!AL96 -> 0 | AM96: =C96+E96+G96+I96+K96+M96+O96+Q96+S96+U96+W96+Y96+AA96+AC96+AE96+AG96+AI96+AK96 -> 0 | AN96: =D96+F96+H96+J96+L96+N96+P96+R96+T96+V96+X96+Z96+AB96+AD96+AF96+AH96+AJ96+AL96 -> 0 | AO96: =AM96+AN96 -> 0
A97: ECTHYMA | C97: ='1ST QUARTER'!C97+'2ND QUARTER'!C97+'3RD QUARTER'!C97+'4TH QUARTER'!C97 -> 0 | D97: ='1ST QUARTER'!D97+'2ND QUARTER'!D97+'3RD QUARTER'!D97+'4TH QUARTER'!D97 -> 0 | E97: ='1ST QUARTER'!E97+'2ND QUARTER'!E97+'3RD QUARTER'!E97+'4TH QUARTER'!E97 -> 0 | F97: ='1ST QUARTER'!F97+'2ND QUARTER'!F97+'3RD QUARTER'!F97+'4TH QUARTER'!F97 -> 0 | G97: ='1ST QUARTER'!G97+'2ND QUARTER'!G97+'3RD QUARTER'!G97+'4TH QUARTER'!G97 -> 0 | H97: ='1ST QUARTER'!H97+'2ND QUARTER'!H97+'3RD QUARTER'!H97+'4TH QUARTER'!H97 -> 0 | I97: ='1ST QUARTER'!I97+'2ND QUARTER'!I97+'3RD QUARTER'!I97+'4TH QUARTER'!I97 -> 0 | J97: ='1ST QUARTER'!J97+'2ND QUARTER'!J97+'3RD QUARTER'!J97+'4TH QUARTER'!J97 -> 0 | ... AL97: ='1ST QUARTER'!AL97+'2ND QUARTER'!AL97+'3RD QUARTER'!AL97+'4TH QUARTER'!AL97 -> 0 | AM97: =C97+E97+G97+I97+K97+M97+O97+Q97+S97+U97+W97+Y97+AA97+AC97+AE97+AG97+AI97+AK97 -> 0 | AN97: =D97+F97+H97+J97+L97+N97+P97+R97+T97+V97+X97+Z97+AB97+AD97+AF97+AH97+AJ97+AL97 -> 0 | AO97: =AM97+AN97 -> 0
A98: EAR HEARING LOSS | C98: ='1ST QUARTER'!C98+'2ND QUARTER'!C98+'3RD QUARTER'!C98+'4TH QUARTER'!C98 -> 0 | D98: ='1ST QUARTER'!D98+'2ND QUARTER'!D98+'3RD QUARTER'!D98+'4TH QUARTER'!D98 -> 0 | E98: ='1ST QUARTER'!E98+'2ND QUARTER'!E98+'3RD QUARTER'!E98+'4TH QUARTER'!E98 -> 0 | F98: ='1ST QUARTER'!F98+'2ND QUARTER'!F98+'3RD QUARTER'!F98+'4TH QUARTER'!F98 -> 0 | G98: ='1ST QUARTER'!G98+'2ND QUARTER'!G98+'3RD QUARTER'!G98+'4TH QUARTER'!G98 -> 0 | H98: ='1ST QUARTER'!H98+'2ND QUARTER'!H98+'3RD QUARTER'!H98+'4TH QUARTER'!H98 -> 0 | I98: ='1ST QUARTER'!I98+'2ND QUARTER'!I98+'3RD QUARTER'!I98+'4TH QUARTER'!I98 -> 0 | J98: ='1ST QUARTER'!J98+'2ND QUARTER'!J98+'3RD QUARTER'!J98+'4TH QUARTER'!J98 -> 0 | ... AL98: ='1ST QUARTER'!AL98+'2ND QUARTER'!AL98+'3RD QUARTER'!AL98+'4TH QUARTER'!AL98 -> 0 | AM98: =C98+E98+G98+I98+K98+M98+O98+Q98+S98+U98+W98+Y98+AA98+AC98+AE98+AG98+AI98+AK98 -> 0 | AN98: =D98+F98+H98+J98+L98+N98+P98+R98+T98+V98+X98+Z98+AB98+AD98+AF98+AH98+AJ98+AL98 -> 0 | AO98: =AM98+AN98 -> 0
A99: ERYTHEMA TOXICUM | C99: ='1ST QUARTER'!C99+'2ND QUARTER'!C99+'3RD QUARTER'!C99+'4TH QUARTER'!C99 -> 0 | D99: ='1ST QUARTER'!D99+'2ND QUARTER'!D99+'3RD QUARTER'!D99+'4TH QUARTER'!D99 -> 0 | E99: ='1ST QUARTER'!E99+'2ND QUARTER'!E99+'3RD QUARTER'!E99+'4TH QUARTER'!E99 -> 0 | F99: ='1ST QUARTER'!F99+'2ND QUARTER'!F99+'3RD QUARTER'!F99+'4TH QUARTER'!F99 -> 0 | G99: ='1ST QUARTER'!G99+'2ND QUARTER'!G99+'3RD QUARTER'!G99+'4TH QUARTER'!G99 -> 0 | H99: ='1ST QUARTER'!H99+'2ND QUARTER'!H99+'3RD QUARTER'!H99+'4TH QUARTER'!H99 -> 0 | I99: ='1ST QUARTER'!I99+'2ND QUARTER'!I99+'3RD QUARTER'!I99+'4TH QUARTER'!I99 -> 0 | J99: ='1ST QUARTER'!J99+'2ND QUARTER'!J99+'3RD QUARTER'!J99+'4TH QUARTER'!J99 -> 0 | ... AL99: ='1ST QUARTER'!AL99+'2ND QUARTER'!AL99+'3RD QUARTER'!AL99+'4TH QUARTER'!AL99 -> 0 | AM99: =C99+E99+G99+I99+K99+M99+O99+Q99+S99+U99+W99+Y99+AA99+AC99+AE99+AG99+AI99+AK99 -> 0 | AN99: =D99+F99+H99+J99+L99+N99+P99+R99+T99+V99+X99+Z99+AB99+AD99+AF99+AH99+AJ99+AL99 -> 0 | AO99: =AM99+AN99 -> 0
A100: ECZEMA | C100: ='1ST QUARTER'!C100+'2ND QUARTER'!C100+'3RD QUARTER'!C100+'4TH QUARTER'!C100 -> 0 | D100: ='1ST QUARTER'!D100+'2ND QUARTER'!D100+'3RD QUARTER'!D100+'4TH QUARTER'!D100 -> 0 | E100: ='1ST QUARTER'!E100+'2ND QUARTER'!E100+'3RD QUARTER'!E100+'4TH QUARTER'!E100 -> 0 | F100: ='1ST QUARTER'!F100+'2ND QUARTER'!F100+'3RD QUARTER'!F100+'4TH QUARTER'!F100 -> 0 | G100: ='1ST QUARTER'!G100+'2ND QUARTER'!G100+'3RD QUARTER'!G100+'4TH QUARTER'!G100 -> 0 | H100: ='1ST QUARTER'!H100+'2ND QUARTER'!H100+'3RD QUARTER'!H100+'4TH QUARTER'!H100 -> 0 | I100: ='1ST QUARTER'!I100+'2ND QUARTER'!I100+'3RD QUARTER'!I100+'4TH QUARTER'!I100 -> 0 | J100: ='1ST QUARTER'!J100+'2ND QUARTER'!J100+'3RD QUARTER'!J100+'4TH QUARTER'!J100 -> 0 | ... AL100: ='1ST QUARTER'!AL100+'2ND QUARTER'!AL100+'3RD QUARTER'!AL100+'4TH QUARTER'!AL100 -> 0 | AM100: =C100+E100+G100+I100+K100+M100+O100+Q100+S100+U100+W100+Y100+AA100+AC100+AE100+AG100+AI100+AK100 -> 0 | AN100: =D100+F100+H100+J100+L100+N100+P100+R100+T100+V100+X100+Z100+AB100+AD100+AF100+AH100+AJ100+AL100 -> 1 | AO100: =AM100+AN100 -> 1
A101: EPISTAXIS | C101: ='1ST QUARTER'!C101+'2ND QUARTER'!C101+'3RD QUARTER'!C101+'4TH QUARTER'!C101 -> 0 | D101: ='1ST QUARTER'!D101+'2ND QUARTER'!D101+'3RD QUARTER'!D101+'4TH QUARTER'!D101 -> 0 | E101: ='1ST QUARTER'!E101+'2ND QUARTER'!E101+'3RD QUARTER'!E101+'4TH QUARTER'!E101 -> 0 | F101: ='1ST QUARTER'!F101+'2ND QUARTER'!F101+'3RD QUARTER'!F101+'4TH QUARTER'!F101 -> 0 | G101: ='1ST QUARTER'!G101+'2ND QUARTER'!G101+'3RD QUARTER'!G101+'4TH QUARTER'!G101 -> 0 | H101: ='1ST QUARTER'!H101+'2ND QUARTER'!H101+'3RD QUARTER'!H101+'4TH QUARTER'!H101 -> 0 | I101: ='1ST QUARTER'!I101+'2ND QUARTER'!I101+'3RD QUARTER'!I101+'4TH QUARTER'!I101 -> 0 | J101: ='1ST QUARTER'!J101+'2ND QUARTER'!J101+'3RD QUARTER'!J101+'4TH QUARTER'!J101 -> 0 | ... AL101: ='1ST QUARTER'!AL101+'2ND QUARTER'!AL101+'3RD QUARTER'!AL101+'4TH QUARTER'!AL101 -> 0 | AM101: =C101+E101+G101+I101+K101+M101+O101+Q101+S101+U101+W101+Y101+AA101+AC101+AE101+AG101+AI101+AK101 -> 0 | AN101: =D101+F101+H101+J101+L101+N101+P101+R101+T101+V101+X101+Z101+AB101+AD101+AF101+AH101+AJ101+AL101 -> 0 | AO101: =AM101+AN101 -> 0
A102: F
A103: FEVER | C103: ='1ST QUARTER'!C103+'2ND QUARTER'!C103+'3RD QUARTER'!C103+'4TH QUARTER'!C103 -> 0 | D103: ='1ST QUARTER'!D103+'2ND QUARTER'!D103+'3RD QUARTER'!D103+'4TH QUARTER'!D103 -> 0 | E103: ='1ST QUARTER'!E103+'2ND QUARTER'!E103+'3RD QUARTER'!E103+'4TH QUARTER'!E103 -> 0 | F103: ='1ST QUARTER'!F103+'2ND QUARTER'!F103+'3RD QUARTER'!F103+'4TH QUARTER'!F103 -> 0 | G103: ='1ST QUARTER'!G103+'2ND QUARTER'!G103+'3RD QUARTER'!G103+'4TH QUARTER'!G103 -> 0 | H103: ='1ST QUARTER'!H103+'2ND QUARTER'!H103+'3RD QUARTER'!H103+'4TH QUARTER'!H103 -> 0 | I103: ='1ST QUARTER'!I103+'2ND QUARTER'!I103+'3RD QUARTER'!I103+'4TH QUARTER'!I103 -> 0 | J103: ='1ST QUARTER'!J103+'2ND QUARTER'!J103+'3RD QUARTER'!J103+'4TH QUARTER'!J103 -> 0 | ... AL103: ='1ST QUARTER'!AL103+'2ND QUARTER'!AL103+'3RD QUARTER'!AL103+'4TH QUARTER'!AL103 -> 0 | AM103: =C103+E103+G103+I103+K103+M103+O103+Q103+S103+U103+W103+Y103+AA103+AC103+AE103+AG103+AI103+AK103 -> 0 | AN103: =D103+F103+H103+J103+L103+N103+P103+R103+T103+V103+X103+Z103+AB103+AD103+AF103+AH103+AJ103+AL103 -> 0 | AO103: =AM103+AN103 -> 0
A104: FUNCTIONAL DYSPEPSIA | C104: ='1ST QUARTER'!C104+'2ND QUARTER'!C104+'3RD QUARTER'!C104+'4TH QUARTER'!C104 -> 0 | D104: ='1ST QUARTER'!D104+'2ND QUARTER'!D104+'3RD QUARTER'!D104+'4TH QUARTER'!D104 -> 0 | E104: ='1ST QUARTER'!E104+'2ND QUARTER'!E104+'3RD QUARTER'!E104+'4TH QUARTER'!E104 -> 0 | F104: ='1ST QUARTER'!F104+'2ND QUARTER'!F104+'3RD QUARTER'!F104+'4TH QUARTER'!F104 -> 0 | G104: ='1ST QUARTER'!G104+'2ND QUARTER'!G104+'3RD QUARTER'!G104+'4TH QUARTER'!G104 -> 0 | H104: ='1ST QUARTER'!H104+'2ND QUARTER'!H104+'3RD QUARTER'!H104+'4TH QUARTER'!H104 -> 0 | I104: ='1ST QUARTER'!I104+'2ND QUARTER'!I104+'3RD QUARTER'!I104+'4TH QUARTER'!I104 -> 0 | J104: ='1ST QUARTER'!J104+'2ND QUARTER'!J104+'3RD QUARTER'!J104+'4TH QUARTER'!J104 -> 0 | ... AL104: ='1ST QUARTER'!AL104+'2ND QUARTER'!AL104+'3RD QUARTER'!AL104+'4TH QUARTER'!AL104 -> 0 | AM104: =C104+E104+G104+I104+K104+M104+O104+Q104+S104+U104+W104+Y104+AA104+AC104+AE104+AG104+AI104+AK104 -> 0 | AN104: =D104+F104+H104+J104+L104+N104+P104+R104+T104+V104+X104+Z104+AB104+AD104+AF104+AH104+AJ104+AL104 -> 0 | AO104: =AM104+AN104 -> 0
A105: FUNGAL INFECTION | C105: ='1ST QUARTER'!C105+'2ND QUARTER'!C105+'3RD QUARTER'!C105+'4TH QUARTER'!C105 -> 0 | D105: ='1ST QUARTER'!D105+'2ND QUARTER'!D105+'3RD QUARTER'!D105+'4TH QUARTER'!D105 -> 0 | E105: ='1ST QUARTER'!E105+'2ND QUARTER'!E105+'3RD QUARTER'!E105+'4TH QUARTER'!E105 -> 0 | F105: ='1ST QUARTER'!F105+'2ND QUARTER'!F105+'3RD QUARTER'!F105+'4TH QUARTER'!F105 -> 0 | G105: ='1ST QUARTER'!G105+'2ND QUARTER'!G105+'3RD QUARTER'!G105+'4TH QUARTER'!G105 -> 0 | H105: ='1ST QUARTER'!H105+'2ND QUARTER'!H105+'3RD QUARTER'!H105+'4TH QUARTER'!H105 -> 0 | I105: ='1ST QUARTER'!I105+'2ND QUARTER'!I105+'3RD QUARTER'!I105+'4TH QUARTER'!I105 -> 0 | J105: ='1ST QUARTER'!J105+'2ND QUARTER'!J105+'3RD QUARTER'!J105+'4TH QUARTER'!J105 -> 0 | ... AL105: ='1ST QUARTER'!AL105+'2ND QUARTER'!AL105+'3RD QUARTER'!AL105+'4TH QUARTER'!AL105 -> 0 | AM105: =C105+E105+G105+I105+K105+M105+O105+Q105+S105+U105+W105+Y105+AA105+AC105+AE105+AG105+AI105+AK105 -> 0 | AN105: =D105+F105+H105+J105+L105+N105+P105+R105+T105+V105+X105+Z105+AB105+AD105+AF105+AH105+AJ105+AL105 -> 0 | AO105: =AM105+AN105 -> 0
A106: FOREIGN BODY ASPIRATION | C106: ='1ST QUARTER'!C106+'2ND QUARTER'!C106+'3RD QUARTER'!C106+'4TH QUARTER'!C106 -> 0 | D106: ='1ST QUARTER'!D106+'2ND QUARTER'!D106+'3RD QUARTER'!D106+'4TH QUARTER'!D106 -> 0 | E106: ='1ST QUARTER'!E106+'2ND QUARTER'!E106+'3RD QUARTER'!E106+'4TH QUARTER'!E106 -> 0 | F106: ='1ST QUARTER'!F106+'2ND QUARTER'!F106+'3RD QUARTER'!F106+'4TH QUARTER'!F106 -> 0 | G106: ='1ST QUARTER'!G106+'2ND QUARTER'!G106+'3RD QUARTER'!G106+'4TH QUARTER'!G106 -> 0 | H106: ='1ST QUARTER'!H106+'2ND QUARTER'!H106+'3RD QUARTER'!H106+'4TH QUARTER'!H106 -> 0 | I106: ='1ST QUARTER'!I106+'2ND QUARTER'!I106+'3RD QUARTER'!I106+'4TH QUARTER'!I106 -> 0 | J106: ='1ST QUARTER'!J106+'2ND QUARTER'!J106+'3RD QUARTER'!J106+'4TH QUARTER'!J106 -> 0 | ... AL106: ='1ST QUARTER'!AL106+'2ND QUARTER'!AL106+'3RD QUARTER'!AL106+'4TH QUARTER'!AL106 -> 0 | AM106: =C106+E106+G106+I106+K106+M106+O106+Q106+S106+U106+W106+Y106+AA106+AC106+AE106+AG106+AI106+AK106 -> 0 | AN106: =D106+F106+H106+J106+L106+N106+P106+R106+T106+V106+X106+Z106+AB106+AD106+AF106+AH106+AJ106+AL106 -> 0 | AO106: =AM106+AN106 -> 0
A107: FURUNCLE | C107: ='1ST QUARTER'!C107+'2ND QUARTER'!C107+'3RD QUARTER'!C107+'4TH QUARTER'!C107 -> 0 | D107: ='1ST QUARTER'!D107+'2ND QUARTER'!D107+'3RD QUARTER'!D107+'4TH QUARTER'!D107 -> 0 | E107: ='1ST QUARTER'!E107+'2ND QUARTER'!E107+'3RD QUARTER'!E107+'4TH QUARTER'!E107 -> 0 | F107: ='1ST QUARTER'!F107+'2ND QUARTER'!F107+'3RD QUARTER'!F107+'4TH QUARTER'!F107 -> 0 | G107: ='1ST QUARTER'!G107+'2ND QUARTER'!G107+'3RD QUARTER'!G107+'4TH QUARTER'!G107 -> 0 | H107: ='1ST QUARTER'!H107+'2ND QUARTER'!H107+'3RD QUARTER'!H107+'4TH QUARTER'!H107 -> 0 | I107: ='1ST QUARTER'!I107+'2ND QUARTER'!I107+'3RD QUARTER'!I107+'4TH QUARTER'!I107 -> 1 | J107: ='1ST QUARTER'!J107+'2ND QUARTER'!J107+'3RD QUARTER'!J107+'4TH QUARTER'!J107 -> 0 | ... AL107: ='1ST QUARTER'!AL107+'2ND QUARTER'!AL107+'3RD QUARTER'!AL107+'4TH QUARTER'!AL107 -> 1 | AM107: =C107+E107+G107+I107+K107+M107+O107+Q107+S107+U107+W107+Y107+AA107+AC107+AE107+AG107+AI107+AK107 -> 6 | AN107: =D107+F107+H107+J107+L107+N107+P107+R107+T107+V107+X107+Z107+AB107+AD107+AF107+AH107+AJ107+AL107 -> 4 | AO107: =AM107+AN107 -> 10
A108: FATTY LIVER | C108: ='1ST QUARTER'!C108+'2ND QUARTER'!C108+'3RD QUARTER'!C108+'4TH QUARTER'!C108 -> 0 | D108: ='1ST QUARTER'!D108+'2ND QUARTER'!D108+'3RD QUARTER'!D108+'4TH QUARTER'!D108 -> 0 | E108: ='1ST QUARTER'!E108+'2ND QUARTER'!E108+'3RD QUARTER'!E108+'4TH QUARTER'!E108 -> 0 | F108: ='1ST QUARTER'!F108+'2ND QUARTER'!F108+'3RD QUARTER'!F108+'4TH QUARTER'!F108 -> 0 | G108: ='1ST QUARTER'!G108+'2ND QUARTER'!G108+'3RD QUARTER'!G108+'4TH QUARTER'!G108 -> 0 | H108: ='1ST QUARTER'!H108+'2ND QUARTER'!H108+'3RD QUARTER'!H108+'4TH QUARTER'!H108 -> 0 | I108: ='1ST QUARTER'!I108+'2ND QUARTER'!I108+'3RD QUARTER'!I108+'4TH QUARTER'!I108 -> 0 | J108: ='1ST QUARTER'!J108+'2ND QUARTER'!J108+'3RD QUARTER'!J108+'4TH QUARTER'!J108 -> 0 | ... AL108: ='1ST QUARTER'!AL108+'2ND QUARTER'!AL108+'3RD QUARTER'!AL108+'4TH QUARTER'!AL108 -> 0 | AM108: =C108+E108+G108+I108+K108+M108+O108+Q108+S108+U108+W108+Y108+AA108+AC108+AE108+AG108+AI108+AK108 -> 0 | AN108: =D108+F108+H108+J108+L108+N108+P108+R108+T108+V108+X108+Z108+AB108+AD108+AF108+AH108+AJ108+AL108 -> 0 | AO108: =AM108+AN108 -> 0
A109: FATIGUE | C109: ='1ST QUARTER'!C109+'2ND QUARTER'!C109+'3RD QUARTER'!C109+'4TH QUARTER'!C109 -> 0 | D109: ='1ST QUARTER'!D109+'2ND QUARTER'!D109+'3RD QUARTER'!D109+'4TH QUARTER'!D109 -> 0 | E109: ='1ST QUARTER'!E109+'2ND QUARTER'!E109+'3RD QUARTER'!E109+'4TH QUARTER'!E109 -> 0 | F109: ='1ST QUARTER'!F109+'2ND QUARTER'!F109+'3RD QUARTER'!F109+'4TH QUARTER'!F109 -> 0 | G109: ='1ST QUARTER'!G109+'2ND QUARTER'!G109+'3RD QUARTER'!G109+'4TH QUARTER'!G109 -> 0 | H109: ='1ST QUARTER'!H109+'2ND QUARTER'!H109+'3RD QUARTER'!H109+'4TH QUARTER'!H109 -> 0 | I109: ='1ST QUARTER'!I109+'2ND QUARTER'!I109+'3RD QUARTER'!I109+'4TH QUARTER'!I109 -> 0 | J109: ='1ST QUARTER'!J109+'2ND QUARTER'!J109+'3RD QUARTER'!J109+'4TH QUARTER'!J109 -> 0 | ... AL109: ='1ST QUARTER'!AL109+'2ND QUARTER'!AL109+'3RD QUARTER'!AL109+'4TH QUARTER'!AL109 -> 0 | AM109: =C109+E109+G109+I109+K109+M109+O109+Q109+S109+U109+W109+Y109+AA109+AC109+AE109+AG109+AI109+AK109 -> 0 | AN109: =D109+F109+H109+J109+L109+N109+P109+R109+T109+V109+X109+Z109+AB109+AD109+AF109+AH109+AJ109+AL109 -> 0 | AO109: =AM109+AN109 -> 0
A110: FROZEN SHOULDER | C110: ='1ST QUARTER'!C110+'2ND QUARTER'!C110+'3RD QUARTER'!C110+'4TH QUARTER'!C110 -> 0 | D110: ='1ST QUARTER'!D110+'2ND QUARTER'!D110+'3RD QUARTER'!D110+'4TH QUARTER'!D110 -> 0 | E110: ='1ST QUARTER'!E110+'2ND QUARTER'!E110+'3RD QUARTER'!E110+'4TH QUARTER'!E110 -> 0 | F110: ='1ST QUARTER'!F110+'2ND QUARTER'!F110+'3RD QUARTER'!F110+'4TH QUARTER'!F110 -> 0 | G110: ='1ST QUARTER'!G110+'2ND QUARTER'!G110+'3RD QUARTER'!G110+'4TH QUARTER'!G110 -> 0 | H110: ='1ST QUARTER'!H110+'2ND QUARTER'!H110+'3RD QUARTER'!H110+'4TH QUARTER'!H110 -> 0 | I110: ='1ST QUARTER'!I110+'2ND QUARTER'!I110+'3RD QUARTER'!I110+'4TH QUARTER'!I110 -> 0 | J110: ='1ST QUARTER'!J110+'2ND QUARTER'!J110+'3RD QUARTER'!J110+'4TH QUARTER'!J110 -> 0 | ... AL110: ='1ST QUARTER'!AL110+'2ND QUARTER'!AL110+'3RD QUARTER'!AL110+'4TH QUARTER'!AL110 -> 0 | AM110: =C110+E110+G110+I110+K110+M110+O110+Q110+S110+U110+W110+Y110+AA110+AC110+AE110+AG110+AI110+AK110 -> 0 | AN110: =D110+F110+H110+J110+L110+N110+P110+R110+T110+V110+X110+Z110+AB110+AD110+AF110+AH110+AJ110+AL110 -> 0 | AO110: =AM110+AN110 -> 0
A111: G
A112: GERD | C112: ='1ST QUARTER'!C112+'2ND QUARTER'!C112+'3RD QUARTER'!C112+'4TH QUARTER'!C112 -> 0 | D112: ='1ST QUARTER'!D112+'2ND QUARTER'!D112+'3RD QUARTER'!D112+'4TH QUARTER'!D112 -> 0 | E112: ='1ST QUARTER'!E112+'2ND QUARTER'!E112+'3RD QUARTER'!E112+'4TH QUARTER'!E112 -> 0 | F112: ='1ST QUARTER'!F112+'2ND QUARTER'!F112+'3RD QUARTER'!F112+'4TH QUARTER'!F112 -> 0 | G112: ='1ST QUARTER'!G112+'2ND QUARTER'!G112+'3RD QUARTER'!G112+'4TH QUARTER'!G112 -> 0 | H112: ='1ST QUARTER'!H112+'2ND QUARTER'!H112+'3RD QUARTER'!H112+'4TH QUARTER'!H112 -> 0 | I112: ='1ST QUARTER'!I112+'2ND QUARTER'!I112+'3RD QUARTER'!I112+'4TH QUARTER'!I112 -> 0 | J112: ='1ST QUARTER'!J112+'2ND QUARTER'!J112+'3RD QUARTER'!J112+'4TH QUARTER'!J112 -> 0 | ... AL112: ='1ST QUARTER'!AL112+'2ND QUARTER'!AL112+'3RD QUARTER'!AL112+'4TH QUARTER'!AL112 -> 1 | AM112: =C112+E112+G112+I112+K112+M112+O112+Q112+S112+U112+W112+Y112+AA112+AC112+AE112+AG112+AI112+AK112 -> 10 | AN112: =D112+F112+H112+J112+L112+N112+P112+R112+T112+V112+X112+Z112+AB112+AD112+AF112+AH112+AJ112+AL112 -> 8 | AO112: =AM112+AN112 -> 18
A113: GONORRHEA | C113: ='1ST QUARTER'!C113+'2ND QUARTER'!C113+'3RD QUARTER'!C113+'4TH QUARTER'!C113 -> 0 | D113: ='1ST QUARTER'!D113+'2ND QUARTER'!D113+'3RD QUARTER'!D113+'4TH QUARTER'!D113 -> 0 | E113: ='1ST QUARTER'!E113+'2ND QUARTER'!E113+'3RD QUARTER'!E113+'4TH QUARTER'!E113 -> 0 | F113: ='1ST QUARTER'!F113+'2ND QUARTER'!F113+'3RD QUARTER'!F113+'4TH QUARTER'!F113 -> 0 | G113: ='1ST QUARTER'!G113+'2ND QUARTER'!G113+'3RD QUARTER'!G113+'4TH QUARTER'!G113 -> 0 | H113: ='1ST QUARTER'!H113+'2ND QUARTER'!H113+'3RD QUARTER'!H113+'4TH QUARTER'!H113 -> 0 | I113: ='1ST QUARTER'!I113+'2ND QUARTER'!I113+'3RD QUARTER'!I113+'4TH QUARTER'!I113 -> 0 | J113: ='1ST QUARTER'!J113+'2ND QUARTER'!J113+'3RD QUARTER'!J113+'4TH QUARTER'!J113 -> 0 | ... AL113: ='1ST QUARTER'!AL113+'2ND QUARTER'!AL113+'3RD QUARTER'!AL113+'4TH QUARTER'!AL113 -> 0 | AM113: =C113+E113+G113+I113+K113+M113+O113+Q113+S113+U113+W113+Y113+AA113+AC113+AE113+AG113+AI113+AK113 -> 1 | AN113: =D113+F113+H113+J113+L113+N113+P113+R113+T113+V113+X113+Z113+AB113+AD113+AF113+AH113+AJ113+AL113 -> 0 | AO113: =AM113+AN113 -> 1
A114: GOUTY ARTHRITIS | C114: ='1ST QUARTER'!C114+'2ND QUARTER'!C114+'3RD QUARTER'!C114+'4TH QUARTER'!C114 -> 0 | D114: ='1ST QUARTER'!D114+'2ND QUARTER'!D114+'3RD QUARTER'!D114+'4TH QUARTER'!D114 -> 0 | E114: ='1ST QUARTER'!E114+'2ND QUARTER'!E114+'3RD QUARTER'!E114+'4TH QUARTER'!E114 -> 0 | F114: ='1ST QUARTER'!F114+'2ND QUARTER'!F114+'3RD QUARTER'!F114+'4TH QUARTER'!F114 -> 0 | G114: ='1ST QUARTER'!G114+'2ND QUARTER'!G114+'3RD QUARTER'!G114+'4TH QUARTER'!G114 -> 0 | H114: ='1ST QUARTER'!H114+'2ND QUARTER'!H114+'3RD QUARTER'!H114+'4TH QUARTER'!H114 -> 0 | I114: ='1ST QUARTER'!I114+'2ND QUARTER'!I114+'3RD QUARTER'!I114+'4TH QUARTER'!I114 -> 0 | J114: ='1ST QUARTER'!J114+'2ND QUARTER'!J114+'3RD QUARTER'!J114+'4TH QUARTER'!J114 -> 0 | ... AL114: ='1ST QUARTER'!AL114+'2ND QUARTER'!AL114+'3RD QUARTER'!AL114+'4TH QUARTER'!AL114 -> 0 | AM114: =C114+E114+G114+I114+K114+M114+O114+Q114+S114+U114+W114+Y114+AA114+AC114+AE114+AG114+AI114+AK114 -> 0 | AN114: =D114+F114+H114+J114+L114+N114+P114+R114+T114+V114+X114+Z114+AB114+AD114+AF114+AH114+AJ114+AL114 -> 2 | AO114: =AM114+AN114 -> 2
A115: GINGIVITIS | C115: ='1ST QUARTER'!C115+'2ND QUARTER'!C115+'3RD QUARTER'!C115+'4TH QUARTER'!C115 -> 0 | D115: ='1ST QUARTER'!D115+'2ND QUARTER'!D115+'3RD QUARTER'!D115+'4TH QUARTER'!D115 -> 0 | E115: ='1ST QUARTER'!E115+'2ND QUARTER'!E115+'3RD QUARTER'!E115+'4TH QUARTER'!E115 -> 0 | F115: ='1ST QUARTER'!F115+'2ND QUARTER'!F115+'3RD QUARTER'!F115+'4TH QUARTER'!F115 -> 0 | G115: ='1ST QUARTER'!G115+'2ND QUARTER'!G115+'3RD QUARTER'!G115+'4TH QUARTER'!G115 -> 0 | H115: ='1ST QUARTER'!H115+'2ND QUARTER'!H115+'3RD QUARTER'!H115+'4TH QUARTER'!H115 -> 0 | I115: ='1ST QUARTER'!I115+'2ND QUARTER'!I115+'3RD QUARTER'!I115+'4TH QUARTER'!I115 -> 0 | J115: ='1ST QUARTER'!J115+'2ND QUARTER'!J115+'3RD QUARTER'!J115+'4TH QUARTER'!J115 -> 1 | ... AL115: ='1ST QUARTER'!AL115+'2ND QUARTER'!AL115+'3RD QUARTER'!AL115+'4TH QUARTER'!AL115 -> 0 | AM115: =C115+E115+G115+I115+K115+M115+O115+Q115+S115+U115+W115+Y115+AA115+AC115+AE115+AG115+AI115+AK115 -> 0 | AN115: =D115+F115+H115+J115+L115+N115+P115+R115+T115+V115+X115+Z115+AB115+AD115+AF115+AH115+AJ115+AL115 -> 1 | AO115: =AM115+AN115 -> 1
C116: ='1ST QUARTER'!C116+'2ND QUARTER'!C116+'3RD QUARTER'!C116+'4TH QUARTER'!C116 -> 0 | D116: ='1ST QUARTER'!D116+'2ND QUARTER'!D116+'3RD QUARTER'!D116+'4TH QUARTER'!D116 -> 0 | E116: ='1ST QUARTER'!E116+'2ND QUARTER'!E116+'3RD QUARTER'!E116+'4TH QUARTER'!E116 -> 0 | F116: ='1ST QUARTER'!F116+'2ND QUARTER'!F116+'3RD QUARTER'!F116+'4TH QUARTER'!F116 -> 0 | G116: ='1ST QUARTER'!G116+'2ND QUARTER'!G116+'3RD QUARTER'!G116+'4TH QUARTER'!G116 -> 0 | H116: ='1ST QUARTER'!H116+'2ND QUARTER'!H116+'3RD QUARTER'!H116+'4TH QUARTER'!H116 -> 0 | I116: ='1ST QUARTER'!I116+'2ND QUARTER'!I116+'3RD QUARTER'!I116+'4TH QUARTER'!I116 -> 0 | J116: ='1ST QUARTER'!J116+'2ND QUARTER'!J116+'3RD QUARTER'!J116+'4TH QUARTER'!J116 -> 0 | ... AL116: ='1ST QUARTER'!AL116+'2ND QUARTER'!AL116+'3RD QUARTER'!AL116+'4TH QUARTER'!AL116 -> 0 | AM116: =C116+E116+G116+I116+K116+M116+O116+Q116+S116+U116+W116+Y116+AA116+AC116+AE116+AG116+AI116+AK116 -> 0 | AN116: =D116+F116+H116+J116+L116+N116+P116+R116+T116+V116+X116+Z116+AB116+AD116+AF116+AH116+AJ116+AL116 -> 0 | AO116: =AM116+AN116 -> 0
A117: H
A118: HYPERTENSION | C118: ='1ST QUARTER'!C118+'2ND QUARTER'!C118+'3RD QUARTER'!C118+'4TH QUARTER'!C118 -> 0 | D118: ='1ST QUARTER'!D118+'2ND QUARTER'!D118+'3RD QUARTER'!D118+'4TH QUARTER'!D118 -> 0 | E118: ='1ST QUARTER'!E118+'2ND QUARTER'!E118+'3RD QUARTER'!E118+'4TH QUARTER'!E118 -> 0 | F118: ='1ST QUARTER'!F118+'2ND QUARTER'!F118+'3RD QUARTER'!F118+'4TH QUARTER'!F118 -> 0 | G118: ='1ST QUARTER'!G118+'2ND QUARTER'!G118+'3RD QUARTER'!G118+'4TH QUARTER'!G118 -> 0 | H118: ='1ST QUARTER'!H118+'2ND QUARTER'!H118+'3RD QUARTER'!H118+'4TH QUARTER'!H118 -> 0 | I118: ='1ST QUARTER'!I118+'2ND QUARTER'!I118+'3RD QUARTER'!I118+'4TH QUARTER'!I118 -> 0 | J118: ='1ST QUARTER'!J118+'2ND QUARTER'!J118+'3RD QUARTER'!J118+'4TH QUARTER'!J118 -> 0 | ... AL118: ='1ST QUARTER'!AL118+'2ND QUARTER'!AL118+'3RD QUARTER'!AL118+'4TH QUARTER'!AL118 -> 78 | AM118: =C118+E118+G118+I118+K118+M118+O118+Q118+S118+U118+W118+Y118+AA118+AC118+AE118+AG118+AI118+AK118 -> 201 | AN118: =D118+F118+H118+J118+L118+N118+P118+R118+T118+V118+X118+Z118+AB118+AD118+AF118+AH118+AJ118+AL118 -> 365 | AO118: =AM118+AN118 -> 566
A119: HEADACHE | C119: ='1ST QUARTER'!C119+'2ND QUARTER'!C119+'3RD QUARTER'!C119+'4TH QUARTER'!C119 -> 0 | D119: ='1ST QUARTER'!D119+'2ND QUARTER'!D119+'3RD QUARTER'!D119+'4TH QUARTER'!D119 -> 0 | E119: ='1ST QUARTER'!E119+'2ND QUARTER'!E119+'3RD QUARTER'!E119+'4TH QUARTER'!E119 -> 0 | F119: ='1ST QUARTER'!F119+'2ND QUARTER'!F119+'3RD QUARTER'!F119+'4TH QUARTER'!F119 -> 0 | G119: ='1ST QUARTER'!G119+'2ND QUARTER'!G119+'3RD QUARTER'!G119+'4TH QUARTER'!G119 -> 0 | H119: ='1ST QUARTER'!H119+'2ND QUARTER'!H119+'3RD QUARTER'!H119+'4TH QUARTER'!H119 -> 0 | I119: ='1ST QUARTER'!I119+'2ND QUARTER'!I119+'3RD QUARTER'!I119+'4TH QUARTER'!I119 -> 0 | J119: ='1ST QUARTER'!J119+'2ND QUARTER'!J119+'3RD QUARTER'!J119+'4TH QUARTER'!J119 -> 0 | ... AL119: ='1ST QUARTER'!AL119+'2ND QUARTER'!AL119+'3RD QUARTER'!AL119+'4TH QUARTER'!AL119 -> 0 | AM119: =C119+E119+G119+I119+K119+M119+O119+Q119+S119+U119+W119+Y119+AA119+AC119+AE119+AG119+AI119+AK119 -> 0 | AN119: =D119+F119+H119+J119+L119+N119+P119+R119+T119+V119+X119+Z119+AB119+AD119+AF119+AH119+AJ119+AL119 -> 1 | AO119: =AM119+AN119 -> 1
A120: HYPERSENSITIVITY REACTION | C120: ='1ST QUARTER'!C120+'2ND QUARTER'!C120+'3RD QUARTER'!C120+'4TH QUARTER'!C120 -> 0 | D120: ='1ST QUARTER'!D120+'2ND QUARTER'!D120+'3RD QUARTER'!D120+'4TH QUARTER'!D120 -> 0 | E120: ='1ST QUARTER'!E120+'2ND QUARTER'!E120+'3RD QUARTER'!E120+'4TH QUARTER'!E120 -> 0 | F120: ='1ST QUARTER'!F120+'2ND QUARTER'!F120+'3RD QUARTER'!F120+'4TH QUARTER'!F120 -> 0 | G120: ='1ST QUARTER'!G120+'2ND QUARTER'!G120+'3RD QUARTER'!G120+'4TH QUARTER'!G120 -> 2 | H120: ='1ST QUARTER'!H120+'2ND QUARTER'!H120+'3RD QUARTER'!H120+'4TH QUARTER'!H120 -> 5 | I120: ='1ST QUARTER'!I120+'2ND QUARTER'!I120+'3RD QUARTER'!I120+'4TH QUARTER'!I120 -> 7 | J120: ='1ST QUARTER'!J120+'2ND QUARTER'!J120+'3RD QUARTER'!J120+'4TH QUARTER'!J120 -> 6 | ... AL120: ='1ST QUARTER'!AL120+'2ND QUARTER'!AL120+'3RD QUARTER'!AL120+'4TH QUARTER'!AL120 -> 6 | AM120: =C120+E120+G120+I120+K120+M120+O120+Q120+S120+U120+W120+Y120+AA120+AC120+AE120+AG120+AI120+AK120 -> 34 | AN120: =D120+F120+H120+J120+L120+N120+P120+R120+T120+V120+X120+Z120+AB120+AD120+AF120+AH120+AJ120+AL120 -> 55 | AO120: =AM120+AN120 -> 89
...

Sheet JANUARY
B1: FHSIS REPORT for the MONTH: JANUARY YEAR: 2025 | AK1: M2
B2: Name of Health Facility: RHU-TRENTO
B3: Name of Barangay:
B4: Name of Municipality/City: TRENTO
B5: Name of Province: AGUSAN DEL SUR
B6: Projected Population of the Year: 57,388
B7: For submission to the next administrative level
A8: Disease | B8: ICD-10 Code | C8: 0-6 days | E8: 7-28 days | G8: 29 days- 11 mos | I8: 1-4 y/o | K8: 5-9 y/o | M8: 10-14 y/o | O8: 15-19 y/o | Q8: 20-24 y/o | S8: 25-29 y/o | U8: 30-34 y/o | W8: 35-39 y/o | Y8: 40-44 y/o | AA8: 45-49 y/o | AC8: 50-54 y/o | AE8: 55-59 y/o | AG8: 60-64 y/o | AI8: 65-69 y/o | AK8: ≥ 70 y/o | AM8: Total | AO8: TOTAL Both Sex
C9: M | D9: F | E9: M | F9: F | G9: M | H9: F | I9: M | J9: F | K9: M | L9: F | M9: M | N9: F | O9: M | P9: F | Q9: M | R9: F | S9: M | T9: F | U9: M | V9: F | W9: M | X9: F | Y9: M | Z9: F | AA9: M | AB9: F | AC9: M | AD9: F | AE9: M | AF9: F | AG9: M | AH9: F | AI9: M | AJ9: F | AK9: M | AL9: F | AM9: M | AN9: F
B10: SECTION A.1 MORBIDITY
A11: Other Diseases
A12: FOLLICULITIS | AM12: =C12+E12+G12+I12+K12+M12+O12+Q12+S12+U12+W12+Y12+AA12+AC12+AE12+AG12+AI12+AK12 -> 0 | AN12: =D12+F12+H12+J12+L12+N12+P12+R12+T12+V12+X12+Z12+AB12+AD12+AF12+AH12+AJ12+AL12 -> 0 | AO12: =AM12+AN12 -> 0
A13: FRACTURE | AM13: =C13+E13+G13+I13+K13+M13+O13+Q13+S13+U13+W13+Y13+AA13+AC13+AE13+AG13+AI13+AK13 -> 0 | AN13: =D13+F13+H13+J13+L13+N13+P13+R13+T13+V13+X13+Z13+AB13+AD13+AF13+AH13+AJ13+AL13 -> 0 | AO13: =AM13+AN13 -> 0
A14: IMPACTED CERUMEN | AM14: =C14+E14+G14+I14+K14+M14+O14+Q14+S14+U14+W14+Y14+AA14+AC14+AE14+AG14+AI14+AK14 -> 0 | AN14: =D14+F14+H14+J14+L14+N14+P14+R14+T14+V14+X14+Z14+AB14+AD14+AF14+AH14+AJ14+AL14 -> 0 | AO14: =AM14+AN14 -> 0
A15: FATIGUE SYNCOPE | AM15: =C15+E15+G15+I15+K15+M15+O15+Q15+S15+U15+W15+Y15+AA15+AC15+AE15+AG15+AI15+AK15 -> 0 | AN15: =D15+F15+H15+J15+L15+N15+P15+R15+T15+V15+X15+Z15+AB15+AD15+AF15+AH15+AJ15+AL15 -> 0 | AO15: =AM15+AN15 -> 0
A16: INFECTED ORAL AREA | AM16: =C16+E16+G16+I16+K16+M16+O16+Q16+S16+U16+W16+Y16+AA16+AC16+AE16+AG16+AI16+AK16 -> 0 | AN16: =D16+F16+H16+J16+L16+N16+P16+R16+T16+V16+X16+Z16+AB16+AD16+AF16+AH16+AJ16+AL16 -> 0 | AO16: =AM16+AN16 -> 0
A17: NON ULCER DYSPEPSIA | AM17: =C17+E17+G17+I17+K17+M17+O17+Q17+S17+U17+W17+Y17+AA17+AC17+AE17+AG17+AI17+AK17 -> 0 | AN17: =D17+F17+H17+J17+L17+N17+P17+R17+T17+V17+X17+Z17+AB17+AD17+AF17+AH17+AJ17+AL17 -> 0 | AO17: =AM17+AN17 -> 0
A18: TINEA CAPITIS | AM18: =C18+E18+G18+I18+K18+M18+O18+Q18+S18+U18+W18+Y18+AA18+AC18+AE18+AG18+AI18+AK18 -> 0 | AN18: =D18+F18+H18+J18+L18+N18+P18+R18+T18+V18+X18+Z18+AB18+AD18+AF18+AH18+AJ18+AL18 -> 0 | AO18: =AM18+AN18 -> 0
A19: Bells Palsy | AM19: =C19+E19+G19+I19+K19+M19+O19+Q19+S19+U19+W19+Y19+AA19+AC19+AE19+AG19+AI19+AK19 -> 0 | AN19: =D19+F19+H19+J19+L19+N19+P19+R19+T19+V19+X19+Z19+AB19+AD19+AF19+AH19+AJ19+AL19 -> 0 | AO19: =AM19+AN19 -> 0
A20: A | AM20: =C20+E20+G20+I20+K20+M20+O20+Q20+S20+U20+W20+Y20+AA20+AC20+AE20+AG20+AI20+AK20 -> 0 | AN20: =D20+F20+H20+J20+L20+N20+P20+R20+T20+V20+X20+Z20+AB20+AD20+AF20+AH20+AJ20+AL20 -> 0 | AO20: =AM20+AN20 -> 0
A21: ACUTE GASTRITIS | I21: 2 | J21: 1 | M21: 1 | AC21: 1 | AM21: =C21+E21+G21+I21+K21+M21+O21+Q21+S21+U21+W21+Y21+AA21+AC21+AE21+AG21+AI21+AK21 -> 4 | AN21: =D21+F21+H21+J21+L21+N21+P21+R21+T21+V21+X21+Z21+AB21+AD21+AF21+AH21+AJ21+AL21 -> 1 | AO21: =AM21+AN21 -> 5
A22: ASTHMA | AM22: =C22+E22+G22+I22+K22+M22+O22+Q22+S22+U22+W22+Y22+AA22+AC22+AE22+AG22+AI22+AK22 -> 0 | AN22: =D22+F22+H22+J22+L22+N22+P22+R22+T22+V22+X22+Z22+AB22+AD22+AF22+AH22+AJ22+AL22 -> 0 | AO22: =AM22+AN22 -> 0
A23: ACUTE PYELONEPHRITIS | AM23: =C23+E23+G23+I23+K23+M23+O23+Q23+S23+U23+W23+Y23+AA23+AC23+AE23+AG23+AI23+AK23 -> 0 | AN23: =D23+F23+H23+J23+L23+N23+P23+R23+T23+V23+X23+Z23+AB23+AD23+AF23+AH23+AJ23+AL23 -> 0 | AO23: =AM23+AN23 -> 0
A24: ANIMAL BITE | AM24: =C24+E24+G24+I24+K24+M24+O24+Q24+S24+U24+W24+Y24+AA24+AC24+AE24+AG24+AI24+AK24 -> 0 | AN24: =D24+F24+H24+J24+L24+N24+P24+R24+T24+V24+X24+Z24+AB24+AD24+AF24+AH24+AJ24+AL24 -> 0 | AO24: =AM24+AN24 -> 0
A25: ABDOMINAL PAIN | AM25: =C25+E25+G25+I25+K25+M25+O25+Q25+S25+U25+W25+Y25+AA25+AC25+AE25+AG25+AI25+AK25 -> 0 | AN25: =D25+F25+H25+J25+L25+N25+P25+R25+T25+V25+X25+Z25+AB25+AD25+AF25+AH25+AJ25+AL25 -> 0 | AO25: =AM25+AN25 -> 0
A26: ABRASION | AM26: =C26+E26+G26+I26+K26+M26+O26+Q26+S26+U26+W26+Y26+AA26+AC26+AE26+AG26+AI26+AK26 -> 0 | AN26: =D26+F26+H26+J26+L26+N26+P26+R26+T26+V26+X26+Z26+AB26+AD26+AF26+AH26+AJ26+AL26 -> 0 | AO26: =AM26+AN26 -> 0
A27: ACUTE RESPIRATORY INFECTION/ DISEASE | H27: 1 | I27: 5 | J27: 3 | L27: 2 | N27: 4 | O27: 2 | AM27: =C27+E27+G27+I27+K27+M27+O27+Q27+S27+U27+W27+Y27+AA27+AC27+AE27+AG27+AI27+AK27 -> 7 | AN27: =D27+F27+H27+J27+L27+N27+P27+R27+T27+V27+X27+Z27+AB27+AD27+AF27+AH27+AJ27+AL27 -> 10 | AO27: =AM27+AN27 -> 17
A28: ANEMIA | AM28: =C28+E28+G28+I28+K28+M28+O28+Q28+S28+U28+W28+Y28+AA28+AC28+AE28+AG28+AI28+AK28 -> 0 | AN28: =D28+F28+H28+J28+L28+N28+P28+R28+T28+V28+X28+Z28+AB28+AD28+AF28+AH28+AJ28+AL28 -> 0 | AO28: =AM28+AN28 -> 0
A29: ACUTE UNCOMPLICATED CYSTITIS | AM29: =C29+E29+G29+I29+K29+M29+O29+Q29+S29+U29+W29+Y29+AA29+AC29+AE29+AG29+AI29+AK29 -> 0 | AN29: =D29+F29+H29+J29+L29+N29+P29+R29+T29+V29+X29+Z29+AB29+AD29+AF29+AH29+AJ29+AL29 -> 0 | AO29: =AM29+AN29 -> 0
A30: ACUTE TONSILOPHARYNGITIS | M30: 1 | P30: 1 | AM30: =C30+E30+G30+I30+K30+M30+O30+Q30+S30+U30+W30+Y30+AA30+AC30+AE30+AG30+AI30+AK30 -> 1 | AN30: =D30+F30+H30+J30+L30+N30+P30+R30+T30+V30+X30+Z30+AB30+AD30+AF30+AH30+AJ30+AL30 -> 1 | AO30: =AM30+AN30 -> 2
A31: ABCESS | AM31: =C31+E31+G31+I31+K31+M31+O31+Q31+S31+U31+W31+Y31+AA31+AC31+AE31+AG31+AI31+AK31 -> 0 | AN31: =D31+F31+H31+J31+L31+N31+P31+R31+T31+V31+X31+Z31+AB31+AD31+AF31+AH31+AJ31+AL31 -> 0 | AO31: =AM31+AN31 -> 0
A32: ACUTE GASTROENTERITIS | I32: 6 | J32: 2 | L32: 2 | M32: 1 | N32: 1 | AE32: 1 | AM32: =C32+E32+G32+I32+K32+M32+O32+Q32+S32+U32+W32+Y32+AA32+AC32+AE32+AG32+AI32+AK32 -> 8 | AN32: =D32+F32+H32+J32+L32+N32+P32+R32+T32+V32+X32+Z32+AB32+AD32+AF32+AH32+AJ32+AL32 -> 5 | AO32: =AM32+AN32 -> 13
A33: ALLERGIC REACTION | AM33: =C33+E33+G33+I33+K33+M33+O33+Q33+S33+U33+W33+Y33+AA33+AC33+AE33+AG33+AI33+AK33 -> 0 | AN33: =D33+F33+H33+J33+L33+N33+P33+R33+T33+V33+X33+Z33+AB33+AD33+AF33+AH33+AJ33+AL33 -> 0 | AO33: =AM33+AN33 -> 0
A34: ACUTE GLOMERULONEPHRITIS | M34: 1 | AM34: =C34+E34+G34+I34+K34+M34+O34+Q34+S34+U34+W34+Y34+AA34+AC34+AE34+AG34+AI34+AK34 -> 1 | AN34: =D34+F34+H34+J34+L34+N34+P34+R34+T34+V34+X34+Z34+AB34+AD34+AF34+AH34+AJ34+AL34 -> 0 | AO34: =AM34+AN34 -> 1
A35: ANXIETY DISORDER | AM35: =C35+E35+G35+I35+K35+M35+O35+Q35+S35+U35+W35+Y35+AA35+AC35+AE35+AG35+AI35+AK35 -> 0 | AN35: =D35+F35+H35+J35+L35+N35+P35+R35+T35+V35+X35+Z35+AB35+AD35+AF35+AH35+AJ35+AL35 -> 0 | AO35: =AM35+AN35 -> 0
A36: ASYMPTOMATIC BACTERIURIA | AM36: =C36+E36+G36+I36+K36+M36+O36+Q36+S36+U36+W36+Y36+AA36+AC36+AE36+AG36+AI36+AK36 -> 0 | AN36: =D36+F36+H36+J36+L36+N36+P36+R36+T36+V36+X36+Z36+AB36+AD36+AF36+AH36+AJ36+AL36 -> 0 | AO36: =AM36+AN36 -> 0
A37: ATHEROSCLEROTIC AORTA | AM37: =C37+E37+G37+I37+K37+M37+O37+Q37+S37+U37+W37+Y37+AA37+AC37+AE37+AG37+AI37+AK37 -> 0 | AN37: =D37+F37+H37+J37+L37+N37+P37+R37+T37+V37+X37+Z37+AB37+AD37+AF37+AH37+AJ37+AL37 -> 0 | AO37: =AM37+AN37 -> 0
A38: ALLERGIC RHINITIS | AM38: =C38+E38+G38+I38+K38+M38+O38+Q38+S38+U38+W38+Y38+AA38+AC38+AE38+AG38+AI38+AK38 -> 0 | AN38: =D38+F38+H38+J38+L38+N38+P38+R38+T38+V38+X38+Z38+AB38+AD38+AF38+AH38+AJ38+AL38 -> 0 | AO38: =AM38+AN38 -> 0
A39: APPENDICITIS | AM39: =C39+E39+G39+I39+K39+M39+O39+Q39+S39+U39+W39+Y39+AA39+AC39+AE39+AG39+AI39+AK39 -> 0 | AN39: =D39+F39+H39+J39+L39+N39+P39+R39+T39+V39+X39+Z39+AB39+AD39+AF39+AH39+AJ39+AL39 -> 0 | AO39: =AM39+AN39 -> 0
A40: AMOEBIASIS | AM40: =C40+E40+G40+I40+K40+M40+O40+Q40+S40+U40+W40+Y40+AA40+AC40+AE40+AG40+AI40+AK40 -> 0 | AN40: =D40+F40+H40+J40+L40+N40+P40+R40+T40+V40+X40+Z40+AB40+AD40+AF40+AH40+AJ40+AL40 -> 0 | AO40: =AM40+AN40 -> 0
A41: ASCARIASIS | AM41: =C41+E41+G41+I41+K41+M41+O41+Q41+S41+U41+W41+Y41+AA41+AC41+AE41+AG41+AI41+AK41 -> 0 | AN41: =D41+F41+H41+J41+L41+N41+P41+R41+T41+V41+X41+Z41+AB41+AD41+AF41+AH41+AJ41+AL41 -> 0 | AO41: =AM41+AN41 -> 0
A42: APHTHOUS ULCER | AM42: =C42+E42+G42+I42+K42+M42+O42+Q42+S42+U42+W42+Y42+AA42+AC42+AE42+AG42+AI42+AK42 -> 0 | AN42: =D42+F42+H42+J42+L42+N42+P42+R42+T42+V42+X42+Z42+AB42+AD42+AF42+AH42+AJ42+AL42 -> 0 | AO42: =AM42+AN42 -> 0
A43: ACUTE BRONCHITIS | AM43: =C43+E43+G43+I43+K43+M43+O43+Q43+S43+U43+W43+Y43+AA43+AC43+AE43+AG43+AI43+AK43 -> 0 | AN43: =D43+F43+H43+J43+L43+N43+P43+R43+T43+V43+X43+Z43+AB43+AD43+AF43+AH43+AJ43+AL43 -> 0 | AO43: =AM43+AN43 -> 0
A44: AMENORRHEA | AM44: =C44+E44+G44+I44+K44+M44+O44+Q44+S44+U44+W44+Y44+AA44+AC44+AE44+AG44+AI44+AK44 -> 0 | AN44: =D44+F44+H44+J44+L44+N44+P44+R44+T44+V44+X44+Z44+AB44+AD44+AF44+AH44+AJ44+AL44 -> 0 | AO44: =AM44+AN44 -> 0
A45: ABNORMAL UTERINE BLEEDING | AM45: =C45+E45+G45+I45+K45+M45+O45+Q45+S45+U45+W45+Y45+AA45+AC45+AE45+AG45+AI45+AK45 -> 0 | AN45: =D45+F45+H45+J45+L45+N45+P45+R45+T45+V45+X45+Z45+AB45+AD45+AF45+AH45+AJ45+AL45 -> 0 | AO45: =AM45+AN45 -> 0
A46: ALLERGIC COUGH | C46: 1 | G46: 1 | AL46: 1 | AM46: =C46+E46+G46+I46+K46+M46+O46+Q46+S46+U46+W46+Y46+AA46+AC46+AE46+AG46+AI46+AK46 -> 2 | AN46: =D46+F46+H46+J46+L46+N46+P46+R46+T46+V46+X46+Z46+AB46+AD46+AF46+AH46+AJ46+AL46 -> 1 | AO46: =AM46+AN46 -> 3
A47: ACUTE HYPERVENTILATION | AM47: =C47+E47+G47+I47+K47+M47+O47+Q47+S47+U47+W47+Y47+AA47+AC47+AE47+AG47+AI47+AK47 -> 0 | AN47: =D47+F47+H47+J47+L47+N47+P47+R47+T47+V47+X47+Z47+AB47+AD47+AF47+AH47+AJ47+AL47 -> 0 | AO47: =AM47+AN47 -> 0
A48: ACUTE CONJUNCTIVITIS | AM48: =C48+E48+G48+I48+K48+M48+O48+Q48+S48+U48+W48+Y48+AA48+AC48+AE48+AG48+AI48+AK48 -> 0 | AN48: =D48+F48+H48+J48+L48+N48+P48+R48+T48+V48+X48+Z48+AB48+AD48+AF48+AH48+AJ48+AL48 -> 0 | AO48: =AM48+AN48 -> 0
A49: B | AM49: =C49+E49+G49+I49+K49+M49+O49+Q49+S49+U49+W49+Y49+AA49+AC49+AE49+AG49+AI49+AK49 -> 0 | AN49: =D49+F49+H49+J49+L49+N49+P49+R49+T49+V49+X49+Z49+AB49+AD49+AF49+AH49+AJ49+AL49 -> 0 | AO49: =AM49+AN49 -> 0
A50: BACTERIAL VAGINOSIS | AM50: =C50+E50+G50+I50+K50+M50+O50+Q50+S50+U50+W50+Y50+AA50+AC50+AE50+AG50+AI50+AK50 -> 0 | AN50: =D50+F50+H50+J50+L50+N50+P50+R50+T50+V50+X50+Z50+AB50+AD50+AF50+AH50+AJ50+AL50 -> 0 | AO50: =AM50+AN50 -> 0
A51: BOILS | AM51: =C51+E51+G51+I51+K51+M51+O51+Q51+S51+U51+W51+Y51+AA51+AC51+AE51+AG51+AI51+AK51 -> 0 | AN51: =D51+F51+H51+J51+L51+N51+P51+R51+T51+V51+X51+Z51+AB51+AD51+AF51+AH51+AJ51+AL51 -> 0 | AO51: =AM51+AN51 -> 0
A52: BENIGN PAROXYSMAL POSITIONAL VERTIGO | AM52: =C52+E52+G52+I52+K52+M52+O52+Q52+S52+U52+W52+Y52+AA52+AC52+AE52+AG52+AI52+AK52 -> 0 | AN52: =D52+F52+H52+J52+L52+N52+P52+R52+T52+V52+X52+Z52+AB52+AD52+AF52+AH52+AJ52+AL52 -> 0 | AO52: =AM52+AN52 -> 0
A53: BACTERIAL INFECTION | AM53: =C53+E53+G53+I53+K53+M53+O53+Q53+S53+U53+W53+Y53+AA53+AC53+AE53+AG53+AI53+AK53 -> 0 | AN53: =D53+F53+H53+J53+L53+N53+P53+R53+T53+V53+X53+Z53+AB53+AD53+AF53+AH53+AJ53+AL53 -> 0 | AO53: =AM53+AN53 -> 0
A54: BLEEDING (ALL TYPES) | AM54: =C54+E54+G54+I54+K54+M54+O54+Q54+S54+U54+W54+Y54+AA54+AC54+AE54+AG54+AI54+AK54 -> 0 | AN54: =D54+F54+H54+J54+L54+N54+P54+R54+T54+V54+X54+Z54+AB54+AD54+AF54+AH54+AJ54+AL54 -> 0 | AO54: =AM54+AN54 -> 0
A55: BRONCHIAL ASTHMA | AM55: =C55+E55+G55+I55+K55+M55+O55+Q55+S55+U55+W55+Y55+AA55+AC55+AE55+AG55+AI55+AK55 -> 0 | AN55: =D55+F55+H55+J55+L55+N55+P55+R55+T55+V55+X55+Z55+AB55+AD55+AF55+AH55+AJ55+AL55 -> 0 | AO55: =AM55+AN55 -> 0
A56: BI-PEDAL EDEMA | AM56: =C56+E56+G56+I56+K56+M56+O56+Q56+S56+U56+W56+Y56+AA56+AC56+AE56+AG56+AI56+AK56 -> 0 | AN56: =D56+F56+H56+J56+L56+N56+P56+R56+T56+V56+X56+Z56+AB56+AD56+AF56+AH56+AJ56+AL56 -> 0 | AO56: =AM56+AN56 -> 0
A57: BREAST MASS | AM57: =C57+E57+G57+I57+K57+M57+O57+Q57+S57+U57+W57+Y57+AA57+AC57+AE57+AG57+AI57+AK57 -> 0 | AN57: =D57+F57+H57+J57+L57+N57+P57+R57+T57+V57+X57+Z57+AB57+AD57+AF57+AH57+AJ57+AL57 -> 0 | AO57: =AM57+AN57 -> 0
A58: BURN | AM58: =C58+E58+G58+I58+K58+M58+O58+Q58+S58+U58+W58+Y58+AA58+AC58+AE58+AG58+AI58+AK58 -> 0 | AN58: =D58+F58+H58+J58+L58+N58+P58+R58+T58+V58+X58+Z58+AB58+AD58+AF58+AH58+AJ58+AL58 -> 0 | AO58: =AM58+AN58 -> 0
... A60: C | AM60: =C60+E60+G60+I60+K60+M60+O60+Q60+S60+U60+W60+Y60+AA60+AC60+AE60+AG60+AI60+AK60 -> 0 | AN60: =D60+F60+H60+J60+L60+N60+P60+R60+T60+V60+X60+Z60+AB60+AD60+AF60+AH60+AJ60+AL60 -> 0 | AO60: =AM60+AN60 -> 0
A61: CELLULITIS | W61: 1 | AM61: =C61+E61+G61+I61+K61+M61+O61+Q61+S61+U61+W61+Y61+AA61+AC61+AE61+AG61+AI61+AK61 -> 1 | AN61: =D61+F61+H61+J61+L61+N61+P61+R61+T61+V61+X61+Z61+AB61+AD61+AF61+AH61+AJ61+AL61 -> 0 | AO61: =AM61+AN61 -> 1
A62: COMMUNITY ACQUIRED PNEUMONIA | AM62: =C62+E62+G62+I62+K62+M62+O62+Q62+S62+U62+W62+Y62+AA62+AC62+AE62+AG62+AI62+AK62 -> 0 | AN62: =D62+F62+H62+J62+L62+N62+P62+R62+T62+V62+X62+Z62+AB62+AD62+AF62+AH62+AJ62+AL62 -> 0 | AO62: =AM62+AN62 -> 0
A63: CONTUSION HEMATOMA | AM63: =C63+E63+G63+I63+K63+M63+O63+Q63+S63+U63+W63+Y63+AA63+AC63+AE63+AG63+AI63+AK63 -> 0 | AN63: =D63+F63+H63+J63+L63+N63+P63+R63+T63+V63+X63+Z63+AB63+AD63+AF63+AH63+AJ63+AL63 -> 0 | AO63: =AM63+AN63 -> 0
A64: COUGH | AM64: =C64+E64+G64+I64+K64+M64+O64+Q64+S64+U64+W64+Y64+AA64+AC64+AE64+AG64+AI64+AK64 -> 0 | AN64: =D64+F64+H64+J64+L64+N64+P64+R64+T64+V64+X64+Z64+AB64+AD64+AF64+AH64+AJ64+AL64 -> 0 | AO64: =AM64+AN64 -> 0
A65: CARBUNCLE | K65: 1 | V65: 1 | AB65: 1 | AG65: 1 | AM65: =C65+E65+G65+I65+K65+M65+O65+Q65+S65+U65+W65+Y65+AA65+AC65+AE65+AG65+AI65+AK65 -> 2 | AN65: 0 | AO65: =AM65+AN65 -> 2
A66: CARDIAC PATHOLOGY | AM66: =C66+E66+G66+I66+K66+M66+O66+Q66+S66+U66+W66+Y66+AA66+AC66+AE66+AG66+AI66+AK66 -> 0 | AN66: =D66+F66+H66+J66+L66+N66+P66+R66+T66+V66+X66+Z66+AB66+AD66+AF66+AH66+AJ66+AL66 -> 0 | AO66: =AM66+AN66 -> 0
A67: CANKER SORES | AM67: =C67+E67+G67+I67+K67+M67+O67+Q67+S67+U67+W67+Y67+AA67+AC67+AE67+AG67+AI67+AK67 -> 0 | AN67: =D67+F67+H67+J67+L67+N67+P67+R67+T67+V67+X67+Z67+AB67+AD67+AF67+AH67+AJ67+AL67 -> 0 | AO67: =AM67+AN67 -> 0
A68: CHICKEN POX | K68: 1 | AM68: =C68+E68+G68+I68+K68+M68+O68+Q68+S68+U68+W68+Y68+AA68+AC68+AE68+AG68+AI68+AK68 -> 1 | AN68: =D68+F68+H68+J68+L68+N68+P68+R68+T68+V68+X68+Z68+AB68+AD68+AF68+AH68+AJ68+AL68 -> 0 | AO68: =AM68+AN68 -> 1
A69: CARDIAC DISORDER | AM69: =C69+E69+G69+I69+K69+M69+O69+Q69+S69+U69+W69+Y69+AA69+AC69+AE69+AG69+AI69+AK69 -> 0 | AN69: =D69+F69+H69+J69+L69+N69+P69+R69+T69+V69+X69+Z69+AB69+AD69+AF69+AH69+AJ69+AL69 -> 0 | AO69: =AM69+AN69 -> 0
A70: CATARACT | AM70: =C70+E70+G70+I70+K70+M70+O70+Q70+S70+U70+W70+Y70+AA70+AC70+AE70+AG70+AI70+AK70 -> 0 | AN70: =D70+F70+H70+J70+L70+N70+P70+R70+T70+V70+X70+Z70+AB70+AD70+AF70+AH70+AJ70+AL70 -> 0 | AO70: =AM70+AN70 -> 0
A71: CONSTIPATION | AM71: =C71+E71+G71+I71+K71+M71+O71+Q71+S71+U71+W71+Y71+AA71+AC71+AE71+AG71+AI71+AK71 -> 0 | AN71: =D71+F71+H71+J71+L71+N71+P71+R71+T71+V71+X71+Z71+AB71+AD71+AF71+AH71+AJ71+AL71 -> 0 | AO71: =AM71+AN71 -> 0
A72: CONJUCTIVITIS | AM72: =C72+E72+G72+I72+K72+M72+O72+Q72+S72+U72+W72+Y72+AA72+AC72+AE72+AG72+AI72+AK72 -> 0 | AN72: =D72+F72+H72+J72+L72+N72+P72+R72+T72+V72+X72+Z72+AB72+AD72+AF72+AH72+AJ72+AL72 -> 0 | AO72: =AM72+AN72 -> 0
A73: CANDIDIASIS | AM73: =C73+E73+G73+I73+K73+M73+O73+Q73+S73+U73+W73+Y73+AA73+AC73+AE73+AG73+AI73+AK73 -> 0 | AN73: =D73+F73+H73+J73+L73+N73+P73+R73+T73+V73+X73+Z73+AB73+AD73+AF73+AH73+AJ73+AL73 -> 0 | AO73: =AM73+AN73 -> 0
A74: CHOLELITHIASIS | AM74: =C74+E74+G74+I74+K74+M74+O74+Q74+S74+U74+W74+Y74+AA74+AC74+AE74+AG74+AI74+AK74 -> 0 | AN74: =D74+F74+H74+J74+L74+N74+P74+R74+T74+V74+X74+Z74+AB74+AD74+AF74+AH74+AJ74+AL74 -> 0 | AO74: =AM74+AN74 -> 0
A75: CONTACT DERMATITIS | AM75: =C75+E75+G75+I75+K75+M75+O75+Q75+S75+U75+W75+Y75+AA75+AC75+AE75+AG75+AI75+AK75 -> 0 | AN75: =D75+F75+H75+J75+L75+N75+P75+R75+T75+V75+X75+Z75+AB75+AD75+AF75+AH75+AJ75+AL75 -> 0 | AO75: =AM75+AN75 -> 0
A76: CONGENITAL LIMB DEFECT | AM76: =C76+E76+G76+I76+K76+M76+O76+Q76+S76+U76+W76+Y76+AA76+AC76+AE76+AG76+AI76+AK76 -> 0 | AN76: =D76+F76+H76+J76+L76+N76+P76+R76+T76+V76+X76+Z76+AB76+AD76+AF76+AH76+AJ76+AL76 -> 0 | AO76: =AM76+AN76 -> 0
A77: CYST | AM77: =C77+E77+G77+I77+K77+M77+O77+Q77+S77+U77+W77+Y77+AA77+AC77+AE77+AG77+AI77+AK77 -> 0 | AN77: =D77+F77+H77+J77+L77+N77+P77+R77+T77+V77+X77+Z77+AB77+AD77+AF77+AH77+AJ77+AL77 -> 0 | AO77: =AM77+AN77 -> 0
A78: CHRONIC SINUSITIS | AM78: =C78+E78+G78+I78+K78+M78+O78+Q78+S78+U78+W78+Y78+AA78+AC78+AE78+AG78+AI78+AK78 -> 0 | AN78: =D78+F78+H78+J78+L78+N78+P78+R78+T78+V78+X78+Z78+AB78+AD78+AF78+AH78+AJ78+AL78 -> 0 | AO78: =AM78+AN78 -> 0
A79: D | AM79: =C79+E79+G79+I79+K79+M79+O79+Q79+S79+U79+W79+Y79+AA79+AC79+AE79+AG79+AI79+AK79 -> 0 | AN79: =D79+F79+H79+J79+L79+N79+P79+R79+T79+V79+X79+Z79+AB79+AD79+AF79+AH79+AJ79+AL79 -> 0 | AO79: =AM79+AN79 -> 0
A80: DIABETES MELLITUS | W80: 4 | Y80: 2 | Z80: 1 | AA80: 2 | AB80: 1 | AD80: 3 | AF80: 2 | AH80: 1 | AJ80: 2 | AL80: 2 | AM80: =C80+E80+G80+I80+K80+M80+O80+Q80+S80+U80+W80+Y80+AA80+AC80+AE80+AG80+AI80+AK80 -> 8 | AN80: =D80+F80+H80+J80+L80+N80+P80+R80+T80+V80+X80+Z80+AB80+AD80+AF80+AH80+AJ80+AL80 -> 12 | AO80: =AM80+AN80 -> 20
A81: DENGUE FEVER | I81: 1 | O81: 1 | T81: 1 | AM81: =C81+E81+G81+I81+K81+M81+O81+Q81+S81+U81+W81+Y81+AA81+AC81+AE81+AG81+AI81+AK81 -> 2 | AN81: =D81+F81+H81+J81+L81+N81+P81+R81+T81+V81+X81+Z81+AB81+AD81+AF81+AH81+AJ81+AL81 -> 1 | AO81: =AM81+AN81 -> 3
A82: DENTAL PROBLEM | AM82: =C82+E82+G82+I82+K82+M82+O82+Q82+S82+U82+W82+Y82+AA82+AC82+AE82+AG82+AI82+AK82 -> 0 | AN82: =D82+F82+H82+J82+L82+N82+P82+R82+T82+V82+X82+Z82+AB82+AD82+AF82+AH82+AJ82+AL82 -> 0 | AO82: =AM82+AN82 -> 0
A83: DENTAL ABCESS | AM83: =C83+E83+G83+I83+K83+M83+O83+Q83+S83+U83+W83+Y83+AA83+AC83+AE83+AG83+AI83+AK83 -> 0 | AN83: =D83+F83+H83+J83+L83+N83+P83+R83+T83+V83+X83+Z83+AB83+AD83+AF83+AH83+AJ83+AL83 -> 0 | AO83: =AM83+AN83 -> 0
A84: DIABETIC FOOT | AM84: =C84+E84+G84+I84+K84+M84+O84+Q84+S84+U84+W84+Y84+AA84+AC84+AE84+AG84+AI84+AK84 -> 0 | AN84: =D84+F84+H84+J84+L84+N84+P84+R84+T84+V84+X84+Z84+AB84+AD84+AF84+AH84+AJ84+AL84 -> 0 | AO84: =AM84+AN84 -> 0
A85: DIABETIC NEPHROPATHY | AM85: =C85+E85+G85+I85+K85+M85+O85+Q85+S85+U85+W85+Y85+AA85+AC85+AE85+AG85+AI85+AK85 -> 0 | AN85: =D85+F85+H85+J85+L85+N85+P85+R85+T85+V85+X85+Z85+AB85+AD85+AF85+AH85+AJ85+AL85 -> 0 | AO85: =AM85+AN85 -> 0
A86: DYSMENORRHEA | AM86: =C86+E86+G86+I86+K86+M86+O86+Q86+S86+U86+W86+Y86+AA86+AC86+AE86+AG86+AI86+AK86 -> 0 | AN86: =D86+F86+H86+J86+L86+N86+P86+R86+T86+V86+X86+Z86+AB86+AD86+AF86+AH86+AJ86+AL86 -> 0 | AO86: =AM86+AN86 -> 0
AM87: =C87+E87+G87+I87+K87+M87+O87+Q87+S87+U87+W87+Y87+AA87+AC87+AE87+AG87+AI87+AK87 -> 0 | AN87: =D87+F87+H87+J87+L87+N87+P87+R87+T87+V87+X87+Z87+AB87+AD87+AF87+AH87+AJ87+AL87 -> 0 | AO87: =AM87+AN87 -> 0
AM88: =C88+E88+G88+I88+K88+M88+O88+Q88+S88+U88+W88+Y88+AA88+AC88+AE88+AG88+AI88+AK88 -> 0 | AN88: =D88+F88+H88+J88+L88+N88+P88+R88+T88+V88+X88+Z88+AB88+AD88+AF88+AH88+AJ88+AL88 -> 0 | AO88: =AM88+AN88 -> 0
AM89: =C89+E89+G89+I89+K89+M89+O89+Q89+S89+U89+W89+Y89+AA89+AC89+AE89+AG89+AI89+AK89 -> 0 | AN89: =D89+F89+H89+J89+L89+N89+P89+R89+T89+V89+X89+Z89+AB89+AD89+AF89+AH89+AJ89+AL89 -> 0 | AO89: =AM89+AN89 -> 0
AM90: =C90+E90+G90+I90+K90+M90+O90+Q90+S90+U90+W90+Y90+AA90+AC90+AE90+AG90+AI90+AK90 -> 0 | AN90: =D90+F90+H90+J90+L90+N90+P90+R90+T90+V90+X90+Z90+AB90+AD90+AF90+AH90+AJ90+AL90 -> 0 | AO90: =AM90+AN90 -> 0
A91: E | AM91: =C91+E91+G91+I91+K91+M91+O91+Q91+S91+U91+W91+Y91+AA91+AC91+AE91+AG91+AI91+AK91 -> 0 | AN91: =D91+F91+H91+J91+L91+N91+P91+R91+T91+V91+X91+Z91+AB91+AD91+AF91+AH91+AJ91+AL91 -> 0 | AO91: =AM91+AN91 -> 0
A92: ENT PROBLEM | AM92: =C92+E92+G92+I92+K92+M92+O92+Q92+S92+U92+W92+Y92+AA92+AC92+AE92+AG92+AI92+AK92 -> 0 | AN92: =D92+F92+H92+J92+L92+N92+P92+R92+T92+V92+X92+Z92+AB92+AD92+AF92+AH92+AJ92+AL92 -> 0 | AO92: =AM92+AN92 -> 0
A93: EAR INFECTION | AM93: =C93+E93+G93+I93+K93+M93+O93+Q93+S93+U93+W93+Y93+AA93+AC93+AE93+AG93+AI93+AK93 -> 0 | AN93: =D93+F93+H93+J93+L93+N93+P93+R93+T93+V93+X93+Z93+AB93+AD93+AF93+AH93+AJ93+AL93 -> 0 | AO93: =AM93+AN93 -> 0
A94: EPIGASTRIC PAIN | AM94: =C94+E94+G94+I94+K94+M94+O94+Q94+S94+U94+W94+Y94+AA94+AC94+AE94+AG94+AI94+AK94 -> 0 | AN94: =D94+F94+H94+J94+L94+N94+P94+R94+T94+V94+X94+Z94+AB94+AD94+AF94+AH94+AJ94+AL94 -> 0 | AO94: =AM94+AN94 -> 0
A95: EMPHYSEMA | AM95: =C95+E95+G95+I95+K95+M95+O95+Q95+S95+U95+W95+Y95+AA95+AC95+AE95+AG95+AI95+AK95 -> 0 | AN95: =D95+F95+H95+J95+L95+N95+P95+R95+T95+V95+X95+Z95+AB95+AD95+AF95+AH95+AJ95+AL95 -> 0 | AO95: =AM95+AN95 -> 0
A96: EYE DISORDER | AM96: =C96+E96+G96+I96+K96+M96+O96+Q96+S96+U96+W96+Y96+AA96+AC96+AE96+AG96+AI96+AK96 -> 0 | AN96: =D96+F96+H96+J96+L96+N96+P96+R96+T96+V96+X96+Z96+AB96+AD96+AF96+AH96+AJ96+AL96 -> 0 | AO96: =AM96+AN96 -> 0
A97: ECTHYMA | AM97: =C97+E97+G97+I97+K97+M97+O97+Q97+S97+U97+W97+Y97+AA97+AC97+AE97+AG97+AI97+AK97 -> 0 | AN97: =D97+F97+H97+J97+L97+N97+P97+R97+T97+V97+X97+Z97+AB97+AD97+AF97+AH97+AJ97+AL97 -> 0 | AO97: =AM97+AN97 -> 0
A98: EAR HEARING LOSS | AM98: =C98+E98+G98+I98+K98+M98+O98+Q98+S98+U98+W98+Y98+AA98+AC98+AE98+AG98+AI98+AK98 -> 0 | AN98: =D98+F98+H98+J98+L98+N98+P98+R98+T98+V98+X98+Z98+AB98+AD98+AF98+AH98+AJ98+AL98 -> 0 | AO98: =AM98+AN98 -> 0
A99: ERYTHEMA TOXICUM | AM99: =C99+E99+G99+I99+K99+M99+O99+Q99+S99+U99+W99+Y99+AA99+AC99+AE99+AG99+AI99+AK99 -> 0 | AN99: =D99+F99+H99+J99+L99+N99+P99+R99+T99+V99+X99+Z99+AB99+AD99+AF99+AH99+AJ99+AL99 -> 0 | AO99: =AM99+AN99 -> 0
A100: ECZEMA | AM100: =C100+E100+G100+I100+K100+M100+O100+Q100+S100+U100+W100+Y100+AA100+AC100+AE100+AG100+AI100+AK100 -> 0 | AN100: =D100+F100+H100+J100+L100+N100+P100+R100+T100+V100+X100+Z100+AB100+AD100+AF100+AH100+AJ100+AL100 -> 0 | AO100: =AM100+AN100 -> 0
A101: EPISTAXIS | AM101: =C101+E101+G101+I101+K101+M101+O101+Q101+S101+U101+W101+Y101+AA101+AC101+AE101+AG101+AI101+AK101 -> 0 | AN101: =D101+F101+H101+J101+L101+N101+P101+R101+T101+V101+X101+Z101+AB101+AD101+AF101+AH101+AJ101+AL101 -> 0 | AO101: =AM101+AN101 -> 0
...

Sheet FEBRUARY
B1: FHSIS REPORT for the MONTH: FEBRUARY YEAR: 2025 | AK1: M2
B2: Name of Health Facility: RHU TRENTO
B3: Name of Barangay:
B4: Name of Municipality/City: TRENTO
B5: Name of Province: AGUSAN DEL SUR
B6: Projected Population of the Year: 57,388
B7: For submission to the next administrative level
A8: Disease | B8: ICD-10 Code | C8: 0-6 days | E8: 7-28 days | G8: 29 days- 11 mos | I8: 1-4 y/o | K8: 5-9 y/o | M8: 10-14 y/o | O8: 15-19 y/o | Q8: 20-24 y/o | S8: 25-29 y/o | U8: 30-34 y/o | W8: 35-39 y/o | Y8: 40-44 y/o | AA8: 45-49 y/o | AC8: 50-54 y/o | AE8: 55-59 y/o | AG8: 60-64 y/o | AI8: 65-69 y/o | AK8: ≥ 70 y/o | AM8: Total | AO8: TOTAL Both Sex
C9: M | D9: F | E9: M | F9: F | G9: M | H9: F | I9: M | J9: F | K9: M | L9: F | M9: M | N9: F | O9: M | P9: F | Q9: M | R9: F | S9: M | T9: F | U9: M | V9: F | W9: M | X9: F | Y9: M | Z9: F | AA9: M | AB9: F | AC9: M | AD9: F | AE9: M | AF9: F | AG9: M | AH9: F | AI9: M | AJ9: F | AK9: M | AL9: F | AM9: M | AN9: F
B10: SECTION A.1 MORBIDITY
A11: Other Diseases
A12: FOLLICULITIS | AM12: =C12+E12+G12+I12+K12+M12+O12+Q12+S12+U12+W12+Y12+AA12+AC12+AE12+AG12+AI12+AK12 -> 0 | AN12: =D12+F12+H12+J12+L12+N12+P12+R12+T12+V12+X12+Z12+AB12+AD12+AF12+AH12+AJ12+AL12 -> 0 | AO12: =AM12+AN12 -> 0
A13: FRACTURE | AM13: =C13+E13+G13+I13+K13+M13+O13+Q13+S13+U13+W13+Y13+AA13+AC13+AE13+AG13+AI13+AK13 -> 0 | AN13: =D13+F13+H13+J13+L13+N13+P13+R13+T13+V13+X13+Z13+AB13+AD13+AF13+AH13+AJ13+AL13 -> 0 | AO13: =AM13+AN13 -> 0
A14: IMPACTED CERUMEN | AM14: =C14+E14+G14+I14+K14+M14+O14+Q14+S14+U14+W14+Y14+AA14+AC14+AE14+AG14+AI14+AK14 -> 0 | AN14: =D14+F14+H14+J14+L14+N14+P14+R14+T14+V14+X14+Z14+AB14+AD14+AF14+AH14+AJ14+AL14 -> 0 | AO14: =AM14+AN14 -> 0
A15: FATIGUE SYNCOPE | AM15: =C15+E15+G15+I15+K15+M15+O15+Q15+S15+U15+W15+Y15+AA15+AC15+AE15+AG15+AI15+AK15 -> 0 | AN15: =D15+F15+H15+J15+L15+N15+P15+R15+T15+V15+X15+Z15+AB15+AD15+AF15+AH15+AJ15+AL15 -> 0 | AO15: =AM15+AN15 -> 0
A16: INFECTED ORAL AREA | AM16: =C16+E16+G16+I16+K16+M16+O16+Q16+S16+U16+W16+Y16+AA16+AC16+AE16+AG16+AI16+AK16 -> 0 | AN16: =D16+F16+H16+J16+L16+N16+P16+R16+T16+V16+X16+Z16+AB16+AD16+AF16+AH16+AJ16+AL16 -> 0 | AO16: =AM16+AN16 -> 0
A17: NON ULCER DYSPEPSIA | AM17: =C17+E17+G17+I17+K17+M17+O17+Q17+S17+U17+W17+Y17+AA17+AC17+AE17+AG17+AI17+AK17 -> 0 | AN17: =D17+F17+H17+J17+L17+N17+P17+R17+T17+V17+X17+Z17+AB17+AD17+AF17+AH17+AJ17+AL17 -> 0 | AO17: =AM17+AN17 -> 0
A18: TINEA CAPITIS | AM18: =C18+E18+G18+I18+K18+M18+O18+Q18+S18+U18+W18+Y18+AA18+AC18+AE18+AG18+AI18+AK18 -> 0 | AN18: =D18+F18+H18+J18+L18+N18+P18+R18+T18+V18+X18+Z18+AB18+AD18+AF18+AH18+AJ18+AL18 -> 0 | AO18: =AM18+AN18 -> 0
A19: Bells Palsy | AM19: =C19+E19+G19+I19+K19+M19+O19+Q19+S19+U19+W19+Y19+AA19+AC19+AE19+AG19+AI19+AK19 -> 0 | AN19: =D19+F19+H19+J19+L19+N19+P19+R19+T19+V19+X19+Z19+AB19+AD19+AF19+AH19+AJ19+AL19 -> 0 | AO19: =AM19+AN19 -> 0
A20: A | AM20: =C20+E20+G20+I20+K20+M20+O20+Q20+S20+U20+W20+Y20+AA20+AC20+AE20+AG20+AI20+AK20 -> 0 | AN20: =D20+F20+H20+J20+L20+N20+P20+R20+T20+V20+X20+Z20+AB20+AD20+AF20+AH20+AJ20+AL20 -> 0 | AO20: =AM20+AN20 -> 0
A21: ACUTE GASTRITIS | K21: 1 | N21: 1 | O21: 1 | Q21: 1 | R21: 1 | T21: 1 | AC21: 1 | AF21: 1 | AH21: 1 | AK21: 1 | AL21: 1 | AM21: =C21+E21+G21+I21+K21+M21+O21+Q21+S21+U21+W21+Y21+AA21+AC21+AE21+AG21+AI21+AK21 -> 5 | AN21: =D21+F21+H21+J21+L21+N21+P21+R21+T21+V21+X21+Z21+AB21+AD21+AF21+AH21+AJ21+AL21 -> 6 | AO21: =AM21+AN21 -> 11
A22: ASTHMA | AM22: =C22+E22+G22+I22+K22+M22+O22+Q22+S22+U22+W22+Y22+AA22+AC22+AE22+AG22+AI22+AK22 -> 0 | AN22: =D22+F22+H22+J22+L22+N22+P22+R22+T22+V22+X22+Z22+AB22+AD22+AF22+AH22+AJ22+AL22 -> 0 | AO22: =AM22+AN22 -> 0
A23: ACUTE PYELONEPHRITIS | AM23: =C23+E23+G23+I23+K23+M23+O23+Q23+S23+U23+W23+Y23+AA23+AC23+AE23+AG23+AI23+AK23 -> 0 | AN23: =D23+F23+H23+J23+L23+N23+P23+R23+T23+V23+X23+Z23+AB23+AD23+AF23+AH23+AJ23+AL23 -> 0 | AO23: =AM23+AN23 -> 0
A24: ANIMAL BITE | AM24: =C24+E24+G24+I24+K24+M24+O24+Q24+S24+U24+W24+Y24+AA24+AC24+AE24+AG24+AI24+AK24 -> 0 | AN24: =D24+F24+H24+J24+L24+N24+P24+R24+T24+V24+X24+Z24+AB24+AD24+AF24+AH24+AJ24+AL24 -> 0 | AO24: =AM24+AN24 -> 0
A25: ABDOMINAL PAIN | AM25: =C25+E25+G25+I25+K25+M25+O25+Q25+S25+U25+W25+Y25+AA25+AC25+AE25+AG25+AI25+AK25 -> 0 | AN25: =D25+F25+H25+J25+L25+N25+P25+R25+T25+V25+X25+Z25+AB25+AD25+AF25+AH25+AJ25+AL25 -> 0 | AO25: =AM25+AN25 -> 0
A26: ABRASION | AM26: =C26+E26+G26+I26+K26+M26+O26+Q26+S26+U26+W26+Y26+AA26+AC26+AE26+AG26+AI26+AK26 -> 0 | AN26: =D26+F26+H26+J26+L26+N26+P26+R26+T26+V26+X26+Z26+AB26+AD26+AF26+AH26+AJ26+AL26 -> 0 | AO26: =AM26+AN26 -> 0
A27: ACUTE RESPIRATORY INFECTION/ DISEASE | I27: 3 | J27: 1 | L27: 3 | N27: 2 | O27: 4 | P27: 1 | Q27: 4 | V27: 1 | X27: 1 | Y27: 2 | AB27: 1 | AM27: =C27+E27+G27+I27+K27+M27+O27+Q27+S27+U27+W27+Y27+AA27+AC27+AE27+AG27+AI27+AK27 -> 13 | AN27: =D27+F27+H27+J27+L27+N27+P27+R27+T27+V27+X27+Z27+AB27+AD27+AF27+AH27+AJ27+AL27 -> 10 | AO27: =AM27+AN27 -> 23
A28: ANEMIA | P28: 1 | X28: 1 | AM28: =C28+E28+G28+I28+K28+M28+O28+Q28+S28+U28+W28+Y28+AA28+AC28+AE28+AG28+AI28+AK28 -> 0 | AN28: =D28+F28+H28+J28+L28+N28+P28+R28+T28+V28+X28+Z28+AB28+AD28+AF28+AH28+AJ28+AL28 -> 2 | AO28: =AM28+AN28 -> 2
A29: ACUTE UNCOMPLICATED CYSTITIS | AM29: =C29+E29+G29+I29+K29+M29+O29+Q29+S29+U29+W29+Y29+AA29+AC29+AE29+AG29+AI29+AK29 -> 0 | AN29: =D29+F29+H29+J29+L29+N29+P29+R29+T29+V29+X29+Z29+AB29+AD29+AF29+AH29+AJ29+AL29 -> 0 | AO29: =AM29+AN29 -> 0
A30: ACUTE TONSILOPHARYNGITIS | AM30: =C30+E30+G30+I30+K30+M30+O30+Q30+S30+U30+W30+Y30+AA30+AC30+AE30+AG30+AI30+AK30 -> 0 | AN30: =D30+F30+H30+J30+L30+N30+P30+R30+T30+V30+X30+Z30+AB30+AD30+AF30+AH30+AJ30+AL30 -> 0 | AO30: =AM30+AN30 -> 0
A31: ABCESS | AM31: =C31+E31+G31+I31+K31+M31+O31+Q31+S31+U31+W31+Y31+AA31+AC31+AE31+AG31+AI31+AK31 -> 0 | AN31: =D31+F31+H31+J31+L31+N31+P31+R31+T31+V31+X31+Z31+AB31+AD31+AF31+AH31+AJ31+AL31 -> 0 | AO31: =AM31+AN31 -> 0
A32: ACUTE GASTROENTERITIS | I32: 3 | AM32: =C32+E32+G32+I32+K32+M32+O32+Q32+S32+U32+W32+Y32+AA32+AC32+AE32+AG32+AI32+AK32 -> 3 | AN32: =D32+F32+H32+J32+L32+N32+P32+R32+T32+V32+X32+Z32+AB32+AD32+AF32+AH32+AJ32+AL32 -> 0 | AO32: =AM32+AN32 -> 3
A33: ALLERGIC REACTION | AM33: =C33+E33+G33+I33+K33+M33+O33+Q33+S33+U33+W33+Y33+AA33+AC33+AE33+AG33+AI33+AK33 -> 0 | AN33: =D33+F33+H33+J33+L33+N33+P33+R33+T33+V33+X33+Z33+AB33+AD33+AF33+AH33+AJ33+AL33 -> 0 | AO33: =AM33+AN33 -> 0
A34: ACUTE GLOMERULONEPHRITIS | AM34: =C34+E34+G34+I34+K34+M34+O34+Q34+S34+U34+W34+Y34+AA34+AC34+AE34+AG34+AI34+AK34 -> 0 | AN34: =D34+F34+H34+J34+L34+N34+P34+R34+T34+V34+X34+Z34+AB34+AD34+AF34+AH34+AJ34+AL34 -> 0 | AO34: =AM34+AN34 -> 0
A35: ANXIETY DISORDER | AM35: =C35+E35+G35+I35+K35+M35+O35+Q35+S35+U35+W35+Y35+AA35+AC35+AE35+AG35+AI35+AK35 -> 0 | AN35: =D35+F35+H35+J35+L35+N35+P35+R35+T35+V35+X35+Z35+AB35+AD35+AF35+AH35+AJ35+AL35 -> 0 | AO35: =AM35+AN35 -> 0
A36: ASYMPTOMATIC BACTERIURIA | AM36: =C36+E36+G36+I36+K36+M36+O36+Q36+S36+U36+W36+Y36+AA36+AC36+AE36+AG36+AI36+AK36 -> 0 | AN36: =D36+F36+H36+J36+L36+N36+P36+R36+T36+V36+X36+Z36+AB36+AD36+AF36+AH36+AJ36+AL36 -> 0 | AO36: =AM36+AN36 -> 0
A37: ATHEROSCLEROTIC AORTA | AM37: =C37+E37+G37+I37+K37+M37+O37+Q37+S37+U37+W37+Y37+AA37+AC37+AE37+AG37+AI37+AK37 -> 0 | AN37: =D37+F37+H37+J37+L37+N37+P37+R37+T37+V37+X37+Z37+AB37+AD37+AF37+AH37+AJ37+AL37 -> 0 | AO37: =AM37+AN37 -> 0
A38: ALLERGIC RHINITIS | AM38: =C38+E38+G38+I38+K38+M38+O38+Q38+S38+U38+W38+Y38+AA38+AC38+AE38+AG38+AI38+AK38 -> 0 | AN38: =D38+F38+H38+J38+L38+N38+P38+R38+T38+V38+X38+Z38+AB38+AD38+AF38+AH38+AJ38+AL38 -> 0 | AO38: =AM38+AN38 -> 0
A39: APPENDICITIS | AM39: =C39+E39+G39+I39+K39+M39+O39+Q39+S39+U39+W39+Y39+AA39+AC39+AE39+AG39+AI39+AK39 -> 0 | AN39: =D39+F39+H39+J39+L39+N39+P39+R39+T39+V39+X39+Z39+AB39+AD39+AF39+AH39+AJ39+AL39 -> 0 | AO39: =AM39+AN39 -> 0
A40: AMOEBIASIS | AM40: =C40+E40+G40+I40+K40+M40+O40+Q40+S40+U40+W40+Y40+AA40+AC40+AE40+AG40+AI40+AK40 -> 0 | AN40: =D40+F40+H40+J40+L40+N40+P40+R40+T40+V40+X40+Z40+AB40+AD40+AF40+AH40+AJ40+AL40 -> 0 | AO40: =AM40+AN40 -> 0
A41: ASCARIASIS | AM41: =C41+E41+G41+I41+K41+M41+O41+Q41+S41+U41+W41+Y41+AA41+AC41+AE41+AG41+AI41+AK41 -> 0 | AN41: =D41+F41+H41+J41+L41+N41+P41+R41+T41+V41+X41+Z41+AB41+AD41+AF41+AH41+AJ41+AL41 -> 0 | AO41: =AM41+AN41 -> 0
A42: APHTHOUS ULCER | AM42: =C42+E42+G42+I42+K42+M42+O42+Q42+S42+U42+W42+Y42+AA42+AC42+AE42+AG42+AI42+AK42 -> 0 | AN42: =D42+F42+H42+J42+L42+N42+P42+R42+T42+V42+X42+Z42+AB42+AD42+AF42+AH42+AJ42+AL42 -> 0 | AO42: =AM42+AN42 -> 0
A43: ACUTE BRONCHITIS | AM43: =C43+E43+G43+I43+K43+M43+O43+Q43+S43+U43+W43+Y43+AA43+AC43+AE43+AG43+AI43+AK43 -> 0 | AN43: =D43+F43+H43+J43+L43+N43+P43+R43+T43+V43+X43+Z43+AB43+AD43+AF43+AH43+AJ43+AL43 -> 0 | AO43: =AM43+AN43 -> 0
A44: AMENORRHEA | AM44: =C44+E44+G44+I44+K44+M44+O44+Q44+S44+U44+W44+Y44+AA44+AC44+AE44+AG44+AI44+AK44 -> 0 | AN44: =D44+F44+H44+J44+L44+N44+P44+R44+T44+V44+X44+Z44+AB44+AD44+AF44+AH44+AJ44+AL44 -> 0 | AO44: =AM44+AN44 -> 0
... A51: BOILS | AM51: =C51+E51+G51+I51+K51+M51+O51+Q51+S51+U51+W51+Y51+AA51+AC51+AE51+AG51+AI51+AK51 -> 0 | AN51: =D51+F51+H51+J51+L51+N51+P51+R51+T51+V51+X51+Z51+AB51+AD51+AF51+AH51+AJ51+AL51 -> 0 | AO51: =AM51+AN51 -> 0
A52: BENIGN PAROXYSMAL POSITIONAL VERTIGO | T52: 1 | AM52: =C52+E52+G52+I52+K52+M52+O52+Q52+S52+U52+W52+Y52+AA52+AC52+AE52+AG52+AI52+AK52 -> 0 | AN52: =D52+F52+H52+J52+L52+N52+P52+R52+T52+V52+X52+Z52+AB52+AD52+AF52+AH52+AJ52+AL52 -> 1 | AO52: =AM52+AN52 -> 1
A53: BACTERIAL INFECTION | AM53: =C53+E53+G53+I53+K53+M53+O53+Q53+S53+U53+W53+Y53+AA53+AC53+AE53+AG53+AI53+AK53 -> 0 | AN53: =D53+F53+H53+J53+L53+N53+P53+R53+T53+V53+X53+Z53+AB53+AD53+AF53+AH53+AJ53+AL53 -> 0 | AO53: =AM53+AN53 -> 0
A54: BLEEDING (ALL TYPES) | AM54: =C54+E54+G54+I54+K54+M54+O54+Q54+S54+U54+W54+Y54+AA54+AC54+AE54+AG54+AI54+AK54 -> 0 | AN54: =D54+F54+H54+J54+L54+N54+P54+R54+T54+V54+X54+Z54+AB54+AD54+AF54+AH54+AJ54+AL54 -> 0 | AO54: =AM54+AN54 -> 0
A55: BRONCHIAL ASTHMA | AM55: =C55+E55+G55+I55+K55+M55+O55+Q55+S55+U55+W55+Y55+AA55+AC55+AE55+AG55+AI55+AK55 -> 0 | AN55: =D55+F55+H55+J55+L55+N55+P55+R55+T55+V55+X55+Z55+AB55+AD55+AF55+AH55+AJ55+AL55 -> 0 | AO55: =AM55+AN55 -> 0
A56: BI-PEDAL EDEMA | AM56: =C56+E56+G56+I56+K56+M56+O56+Q56+S56+U56+W56+Y56+AA56+AC56+AE56+AG56+AI56+AK56 -> 0 | AN56: =D56+F56+H56+J56+L56+N56+P56+R56+T56+V56+X56+Z56+AB56+AD56+AF56+AH56+AJ56+AL56 -> 0 | AO56: =AM56+AN56 -> 0
A57: BREAST MASS | AM57: =C57+E57+G57+I57+K57+M57+O57+Q57+S57+U57+W57+Y57+AA57+AC57+AE57+AG57+AI57+AK57 -> 0 | AN57: =D57+F57+H57+J57+L57+N57+P57+R57+T57+V57+X57+Z57+AB57+AD57+AF57+AH57+AJ57+AL57 -> 0 | AO57: =AM57+AN57 -> 0
A58: BURN
A59: BENIGN PROSTATIC HYPERTHROPHY | AM59: =C59+E59+G59+I59+K59+M59+O59+Q59+S59+U59+W59+Y59+AA59+AC59+AE59+AG59+AI59+AK59 -> 0 | AN59: =D59+F59+H59+J59+L59+N59+P59+R59+T59+V59+X59+Z59+AB59+AD59+AF59+AH59+AJ59+AL59 -> 0 | AO59: =AM59+AN59 -> 0
A60: C | AM60: =C60+E60+G60+I60+K60+M60+O60+Q60+S60+U60+W60+Y60+AA60+AC60+AE60+AG60+AI60+AK60 -> 0 | AN60: =D60+F60+H60+J60+L60+N60+P60+R60+T60+V60+X60+Z60+AB60+AD60+AF60+AH60+AJ60+AL60 -> 0 | AO60: =AM60+AN60 -> 0
A61: CELLULITIS | AM61: =C61+E61+G61+I61+K61+M61+O61+Q61+S61+U61+W61+Y61+AA61+AC61+AE61+AG61+AI61+AK61 -> 0 | AN61: =D61+F61+H61+J61+L61+N61+P61+R61+T61+V61+X61+Z61+AB61+AD61+AF61+AH61+AJ61+AL61 -> 0 | AO61: =AM61+AN61 -> 0
A62: COMMUNITY ACQUIRED PNEUMONIA | AM62: =C62+E62+G62+I62+K62+M62+O62+Q62+S62+U62+W62+Y62+AA62+AC62+AE62+AG62+AI62+AK62 -> 0 | AN62: =D62+F62+H62+J62+L62+N62+P62+R62+T62+V62+X62+Z62+AB62+AD62+AF62+AH62+AJ62+AL62 -> 0 | AO62: =AM62+AN62 -> 0
A63: CONTUSION HEMATOMA | AM63: =C63+E63+G63+I63+K63+M63+O63+Q63+S63+U63+W63+Y63+AA63+AC63+AE63+AG63+AI63+AK63 -> 0 | AN63: =D63+F63+H63+J63+L63+N63+P63+R63+T63+V63+X63+Z63+AB63+AD63+AF63+AH63+AJ63+AL63 -> 0 | AO63: =AM63+AN63 -> 0
A64: COUGH | AM64: =C64+E64+G64+I64+K64+M64+O64+Q64+S64+U64+W64+Y64+AA64+AC64+AE64+AG64+AI64+AK64 -> 0 | AN64: =D64+F64+H64+J64+L64+N64+P64+R64+T64+V64+X64+Z64+AB64+AD64+AF64+AH64+AJ64+AL64 -> 0 | AO64: =AM64+AN64 -> 0
A65: CARBUNCLE | AM65: =C65+E65+G65+I65+K65+M65+O65+Q65+S65+U65+W65+Y65+AA65+AC65+AE65+AG65+AI65+AK65 -> 0 | AN65: =D65+F65+H65+J65+L65+N65+P65+R65+T65+V65+X65+Z65+AB65+AD65+AF65+AH65+AJ65+AL65 -> 0 | AO65: =AM65+AN65 -> 0
A66: CARDIAC PATHOLOGY | AM66: =C66+E66+G66+I66+K66+M66+O66+Q66+S66+U66+W66+Y66+AA66+AC66+AE66+AG66+AI66+AK66 -> 0 | AN66: =D66+F66+H66+J66+L66+N66+P66+R66+T66+V66+X66+Z66+AB66+AD66+AF66+AH66+AJ66+AL66 -> 0 | AO66: =AM66+AN66 -> 0
A67: CANKER SORES | AM67: =C67+E67+G67+I67+K67+M67+O67+Q67+S67+U67+W67+Y67+AA67+AC67+AE67+AG67+AI67+AK67 -> 0 | AN67: =D67+F67+H67+J67+L67+N67+P67+R67+T67+V67+X67+Z67+AB67+AD67+AF67+AH67+AJ67+AL67 -> 0 | AO67: =AM67+AN67 -> 0
A68: CHICKEN POX | AM68: =C68+E68+G68+I68+K68+M68+O68+Q68+S68+U68+W68+Y68+AA68+AC68+AE68+AG68+AI68+AK68 -> 0 | AN68: =D68+F68+H68+J68+L68+N68+P68+R68+T68+V68+X68+Z68+AB68+AD68+AF68+AH68+AJ68+AL68 -> 0 | AO68: =AM68+AN68 -> 0
A69: CARDIAC DISORDER | AM69: =C69+E69+G69+I69+K69+M69+O69+Q69+S69+U69+W69+Y69+AA69+AC69+AE69+AG69+AI69+AK69 -> 0 | AN69: =D69+F69+H69+J69+L69+N69+P69+R69+T69+V69+X69+Z69+AB69+AD69+AF69+AH69+AJ69+AL69 -> 0 | AO69: =AM69+AN69 -> 0
A70: CATARACT | AM70: =C70+E70+G70+I70+K70+M70+O70+Q70+S70+U70+W70+Y70+AA70+AC70+AE70+AG70+AI70+AK70 -> 0 | AN70: =D70+F70+H70+J70+L70+N70+P70+R70+T70+V70+X70+Z70+AB70+AD70+AF70+AH70+AJ70+AL70 -> 0 | AO70: =AM70+AN70 -> 0
... A79: D | AM79: =C79+E79+G79+I79+K79+M79+O79+Q79+S79+U79+W79+Y79+AA79+AC79+AE79+AG79+AI79+AK79 -> 0 | AN79: =D79+F79+H79+J79+L79+N79+P79+R79+T79+V79+X79+Z79+AB79+AD79+AF79+AH79+AJ79+AL79 -> 0 | AO79: =AM79+AN79 -> 0
A80: DIABETES MELLITUS | W80: 1 | Z80: 2 | AB80: 5 | AD80: 3 | AF80: 2 | AH80: 3 | AI80: 1 | AJ80: 3 | AL80: 1 | AM80: =C80+E80+G80+I80+K80+M80+O80+Q80+S80+U80+W80+Y80+AA80+AC80+AE80+AG80+AI80+AK80 -> 2 | AN80: =D80+F80+H80+J80+L80+N80+P80+R80+T80+V80+X80+Z80+AB80+AD80+AF80+AH80+AJ80+AL80 -> 19 | AO80: =AM80+AN80 -> 21
A81: DENGUE FEVER | AM81: =C81+E81+G81+I81+K81+M81+O81+Q81+S81+U81+W81+Y81+AA81+AC81+AE81+AG81+AI81+AK81 -> 0 | AN81: =D81+F81+H81+J81+L81+N81+P81+R81+T81+V81+X81+Z81+AB81+AD81+AF81+AH81+AJ81+AL81 -> 0 | AO81: =AM81+AN81 -> 0
A82: DENTAL PROBLEM | AM82: =C82+E82+G82+I82+K82+M82+O82+Q82+S82+U82+W82+Y82+AA82+AC82+AE82+AG82+AI82+AK82 -> 0 | AN82: =D82+F82+H82+J82+L82+N82+P82+R82+T82+V82+X82+Z82+AB82+AD82+AF82+AH82+AJ82+AL82 -> 0 | AO82: =AM82+AN82 -> 0
A83: DENTAL ABCESS | AM83: =C83+E83+G83+I83+K83+M83+O83+Q83+S83+U83+W83+Y83+AA83+AC83+AE83+AG83+AI83+AK83 -> 0 | AN83: =D83+F83+H83+J83+L83+N83+P83+R83+T83+V83+X83+Z83+AB83+AD83+AF83+AH83+AJ83+AL83 -> 0 | AO83: =AM83+AN83 -> 0
A84: DIABETIC FOOT | AM84: =C84+E84+G84+I84+K84+M84+O84+Q84+S84+U84+W84+Y84+AA84+AC84+AE84+AG84+AI84+AK84 -> 0 | AN84: =D84+F84+H84+J84+L84+N84+P84+R84+T84+V84+X84+Z84+AB84+AD84+AF84+AH84+AJ84+AL84 -> 0 | AO84: =AM84+AN84 -> 0
A85: DIABETIC NEPHROPATHY | AM85: =C85+E85+G85+I85+K85+M85+O85+Q85+S85+U85+W85+Y85+AA85+AC85+AE85+AG85+AI85+AK85 -> 0 | AN85: =D85+F85+H85+J85+L85+N85+P85+R85+T85+V85+X85+Z85+AB85+AD85+AF85+AH85+AJ85+AL85 -> 0 | AO85: =AM85+AN85 -> 0
A86: DYSMENORRHEA | AM86: =C86+E86+G86+I86+K86+M86+O86+Q86+S86+U86+W86+Y86+AA86+AC86+AE86+AG86+AI86+AK86 -> 0 | AN86: =D86+F86+H86+J86+L86+N86+P86+R86+T86+V86+X86+Z86+AB86+AD86+AF86+AH86+AJ86+AL86 -> 0 | AO86: =AM86+AN86 -> 0
AM87: =C87+E87+G87+I87+K87+M87+O87+Q87+S87+U87+W87+Y87+AA87+AC87+AE87+AG87+AI87+AK87 -> 0 | AN87: =D87+F87+H87+J87+L87+N87+P87+R87+T87+V87+X87+Z87+AB87+AD87+AF87+AH87+AJ87+AL87 -> 0 | AO87: =AM87+AN87 -> 0
AM88: =C88+E88+G88+I88+K88+M88+O88+Q88+S88+U88+W88+Y88+AA88+AC88+AE88+AG88+AI88+AK88 -> 0 | AN88: =D88+F88+H88+J88+L88+N88+P88+R88+T88+V88+X88+Z88+AB88+AD88+AF88+AH88+AJ88+AL88 -> 0 | AO88: =AM88+AN88 -> 0
AM89: =C89+E89+G89+I89+K89+M89+O89+Q89+S89+U89+W89+Y89+AA89+AC89+AE89+AG89+AI89+AK89 -> 0 | AN89: =D89+F89+H89+J89+L89+N89+P89+R89+T89+V89+X89+Z89+AB89+AD89+AF89+AH89+AJ89+AL89 -> 0 | AO89: =AM89+AN89 -> 0
AM90: =C90+E90+G90+I90+K90+M90+O90+Q90+S90+U90+W90+Y90+AA90+AC90+AE90+AG90+AI90+AK90 -> 0 | AN90: =D90+F90+H90+J90+L90+N90+P90+R90+T90+V90+X90+Z90+AB90+AD90+AF90+AH90+AJ90+AL90 -> 0 | AO90: =AM90+AN90 -> 0
A91: E | AM91: =C91+E91+G91+I91+K91+M91+O91+Q91+S91+U91+W91+Y91+AA91+AC91+AE91+AG91+AI91+AK91 -> 0 | AN91: =D91+F91+H91+J91+L91+N91+P91+R91+T91+V91+X91+Z91+AB91+AD91+AF91+AH91+AJ91+AL91 -> 0 | AO91: =AM91+AN91 -> 0
A92: ENT PROBLEM | AM92: =C92+E92+G92+I92+K92+M92+O92+Q92+S92+U92+W92+Y92+AA92+AC92+AE92+AG92+AI92+AK92 -> 0 | AN92: =D92+F92+H92+J92+L92+N92+P92+R92+T92+V92+X92+Z92+AB92+AD92+AF92+AH92+AJ92+AL92 -> 0 | AO92: =AM92+AN92 -> 0
A93: EAR INFECTION | AM93: =C93+E93+G93+I93+K93+M93+O93+Q93+S93+U93+W93+Y93+AA93+AC93+AE93+AG93+AI93+AK93 -> 0 | AN93: =D93+F93+H93+J93+L93+N93+P93+R93+T93+V93+X93+Z93+AB93+AD93+AF93+AH93+AJ93+AL93 -> 0 | AO93: =AM93+AN93 -> 0
A94: EPIGASTRIC PAIN | AM94: =C94+E94+G94+I94+K94+M94+O94+Q94+S94+U94+W94+Y94+AA94+AC94+AE94+AG94+AI94+AK94 -> 0 | AN94: =D94+F94+H94+J94+L94+N94+P94+R94+T94+V94+X94+Z94+AB94+AD94+AF94+AH94+AJ94+AL94 -> 0 | AO94: =AM94+AN94 -> 0
A95: EMPHYSEMA | AM95: =C95+E95+G95+I95+K95+M95+O95+Q95+S95+U95+W95+Y95+AA95+AC95+AE95+AG95+AI95+AK95 -> 0 | AN95: =D95+F95+H95+J95+L95+N95+P95+R95+T95+V95+X95+Z95+AB95+AD95+AF95+AH95+AJ95+AL95 -> 0 | AO95: =AM95+AN95 -> 0
A96: EYE DISORDER | AM96: =C96+E96+G96+I96+K96+M96+O96+Q96+S96+U96+W96+Y96+AA96+AC96+AE96+AG96+AI96+AK96 -> 0 | AN96: =D96+F96+H96+J96+L96+N96+P96+R96+T96+V96+X96+Z96+AB96+AD96+AF96+AH96+AJ96+AL96 -> 0 | AO96: =AM96+AN96 -> 0
A97: ECTHYMA | AM97: =C97+E97+G97+I97+K97+M97+O97+Q97+S97+U97+W97+Y97+AA97+AC97+AE97+AG97+AI97+AK97 -> 0 | AN97: =D97+F97+H97+J97+L97+N97+P97+R97+T97+V97+X97+Z97+AB97+AD97+AF97+AH97+AJ97+AL97 -> 0 | AO97: =AM97+AN97 -> 0
A98: EAR HEARING LOSS | AM98: =C98+E98+G98+I98+K98+M98+O98+Q98+S98+U98+W98+Y98+AA98+AC98+AE98+AG98+AI98+AK98 -> 0 | AN98: =D98+F98+H98+J98+L98+N98+P98+R98+T98+V98+X98+Z98+AB98+AD98+AF98+AH98+AJ98+AL98 -> 0 | AO98: =AM98+AN98 -> 0
A99: ERYTHEMA TOXICUM | AM99: =C99+E99+G99+I99+K99+M99+O99+Q99+S99+U99+W99+Y99+AA99+AC99+AE99+AG99+AI99+AK99 -> 0 | AN99: =D99+F99+H99+J99+L99+N99+P99+R99+T99+V99+X99+Z99+AB99+AD99+AF99+AH99+AJ99+AL99 -> 0 | AO99: =AM99+AN99 -> 0
A100: ECZEMA | AM100: =C100+E100+G100+I100+K100+M100+O100+Q100+S100+U100+W100+Y100+AA100+AC100+AE100+AG100+AI100+AK100 -> 0 | AN100: =D100+F100+H100+J100+L100+N100+P100+R100+T100+V100+X100+Z100+AB100+AD100+AF100+AH100+AJ100+AL100 -> 0 | AO100: =AM100+AN100 -> 0
A101: EPISTAXIS | AM101: =C101+E101+G101+I101+K101+M101+O101+Q101+S101+U101+W101+Y101+AA101+AC101+AE101+AG101+AI101+AK101 -> 0 | AN101: =D101+F101+H101+J101+L101+N101+P101+R101+T101+V101+X101+Z101+AB101+AD101+AF101+AH101+AJ101+AL101 -> 0 | AO101: =AM101+AN101 -> 0
A102: F | AM102: =C102+E102+G102+I102+K102+M102+O102+Q102+S102+U102+W102+Y102+AA102+AC102+AE102+AG102+AI102+AK102 -> 0 | AN102: =D102+F102+H102+J102+L102+N102+P102+R102+T102+V102+X102+Z102+AB102+AD102+AF102+AH102+AJ102+AL102 -> 0 | AO102: =AM102+AN102 -> 0
... A115: GINGIVITIS | AM115: =C115+E115+G115+I115+K115+M115+O115+Q115+S115+U115+W115+Y115+AA115+AC115+AE115+AG115+AI115+AK115 -> 0 | AN115: =D115+F115+H115+J115+L115+N115+P115+R115+T115+V115+X115+Z115+AB115+AD115+AF115+AH115+AJ115+AL115 -> 0 | AO115: =AM115+AN115 -> 0
AM116: =C116+E116+G116+I116+K116+M116+O116+Q116+S116+U116+W116+Y116+AA116+AC116+AE116+AG116+AI116+AK116 -> 0 | AN116: =D116+F116+H116+J116+L116+N116+P116+R116+T116+V116+X116+Z116+AB116+AD116+AF116+AH116+AJ116+AL116 -> 0 | AO116: =AM116+AN116 -> 0
A117: H | AM117: =C117+E117+G117+I117+K117+M117+O117+Q117+S117+U117+W117+Y117+AA117+AC117+AE117+AG117+AI117+AK117 -> 0 | AN117: =D117+F117+H117+J117+L117+N117+P117+R117+T117+V117+X117+Z117+AB117+AD117+AF117+AH117+AJ117+AL117 -> 0 | AO117: =AM117+AN117 -> 0
A118: HYPERTENSION | X118: 5 | Y118: 1 | AA118: 1 | AB118: 6 | AD118: 7 | AE118: 6 | AF118: 5 | AH118: 12 | AI118: 5 | AJ118: 8 | AK118: 8 | AL118: 10 | AM118: =C118+E118+G118+I118+K118+M118+O118+Q118+S118+U118+W118+Y118+AA118+AC118+AE118+AG118+AI118+AK118 -> 21 | AN118: =D118+F118+H118+J118+L118+N118+P118+R118+T118+V118+X118+Z118+AB118+AD118+AF118+AH118+AJ118+AL118 -> 53 | AO118: =AM118+AN118 -> 74
A119: HEADACHE | AM119: =C119+E119+G119+I119+K119+M119+O119+Q119+S119+U119+W119+Y119+AA119+AC119+AE119+AG119+AI119+AK119 -> 0 | AN119: =D119+F119+H119+J119+L119+N119+P119+R119+T119+V119+X119+Z119+AB119+AD119+AF119+AH119+AJ119+AL119 -> 0 | AO119: =AM119+AN119 -> 0
A120: HYPERSENSITIVITY REACTION | H120: 1 | I120: 2 | J120: 3 | K120: 2 | L120: 1 | N120: 2 | O120: 1 | Q120: 3 | AB120: 1 | AG120: 1 | AH120: 1 | AJ120: 1 | AM120: =C120+E120+G120+I120+K120+M120+O120+Q120+S120+U120+W120+Y120+AA120+AC120+AE120+AG120+AI120+AK120 -> 9 | AN120: =D120+F120+H120+J120+L120+N120+P120+R120+T120+V120+X120+Z120+AB120+AD120+AF120+AH120+AJ120+AL120 -> 10 | AO120: =AM120+AN120 -> 19
A121: HEMOPTYSIS | AM121: =C121+E121+G121+I121+K121+M121+O121+Q121+S121+U121+W121+Y121+AA121+AC121+AE121+AG121+AI121+AK121 -> 0 | AN121: =D121+F121+H121+J121+L121+N121+P121+R121+T121+V121+X121+Z121+AB121+AD121+AF121+AH121+AJ121+AL121 -> 0 | AO121: =AM121+AN121 -> 0
A122: HORMONAL IMBALANCE | AM122: =C122+E122+G122+I122+K122+M122+O122+Q122+S122+U122+W122+Y122+AA122+AC122+AE122+AG122+AI122+AK122 -> 0 | AN122: =D122+F122+H122+J122+L122+N122+P122+R122+T122+V122+X122+Z122+AB122+AD122+AF122+AH122+AJ122+AL122 -> 0 | AO122: =AM122+AN122 -> 0
A123: HYPERACIDITY | AM123: =C123+E123+G123+I123+K123+M123+O123+Q123+S123+U123+W123+Y123+AA123+AC123+AE123+AG123+AI123+AK123 -> 0 | AN123: =D123+F123+H123+J123+L123+N123+P123+R123+T123+V123+X123+Z123+AB123+AD123+AF123+AH123+AJ123+AL123 -> 0 | AO123: =AM123+AN123 -> 0
A124: HYPERTHYROIDISM | AM124: =C124+E124+G124+I124+K124+M124+O124+Q124+S124+U124+W124+Y124+AA124+AC124+AE124+AG124+AI124+AK124 -> 0 | AN124: =D124+F124+H124+J124+L124+N124+P124+R124+T124+V124+X124+Z124+AB124+AD124+AF124+AH124+AJ124+AL124 -> 0 | AO124: =AM124+AN124 -> 0
A125: HYPOCALCEMIA | AM125: =C125+E125+G125+I125+K125+M125+O125+Q125+S125+U125+W125+Y125+AA125+AC125+AE125+AG125+AI125+AK125 -> 0 | AN125: =D125+F125+H125+J125+L125+N125+P125+R125+T125+V125+X125+Z125+AB125+AD125+AF125+AH125+AJ125+AL125 -> 0 | AO125: =AM125+AN125 -> 0
A126: HEMORRHOID | AM126: =C126+E126+G126+I126+K126+M126+O126+Q126+S126+U126+W126+Y126+AA126+AC126+AE126+AG126+AI126+AK126 -> 0 | AN126: =D126+F126+H126+J126+L126+N126+P126+R126+T126+V126+X126+Z126+AB126+AD126+AF126+AH126+AJ126+AL126 -> 0 | AO126: =AM126+AN126 -> 0
...

Sheet MARCH
B1: FHSIS REPORT for the MONTH: MARCH YEAR: 2025 | AK1: M2
B2: Name of Health Facility: RHU TRENTO
B3: Name of Barangay:
B4: Name of Municipality/City: TRENTO
B5: Name of Province: AGUSAN DEL SUR
B6: Projected Population of the Year: 57,388
B7: For submission to the next administrative level
A8: Disease | B8: ICD-10 Code | C8: 0-6 days | E8: 7-28 days | G8: 29 days- 11 mos | I8: 1-4 y/o | K8: 5-9 y/o | M8: 10-14 y/o | O8: 15-19 y/o | Q8: 20-24 y/o | S8: 25-29 y/o | U8: 30-34 y/o | W8: 35-39 y/o | Y8: 40-44 y/o | AA8: 45-49 y/o | AC8: 50-54 y/o | AE8: 55-59 y/o | AG8: 60-64 y/o | AI8: 65-69 y/o | AK8: ≥ 70 y/o | AM8: Total | AO8: TOTAL Both Sex
C9: M | D9: F | E9: M | F9: F | G9: M | H9: F | I9: M | J9: F | K9: M | L9: F | M9: M | N9: F | O9: M | P9: F | Q9: M | R9: F | S9: M | T9: F | U9: M | V9: F | W9: M | X9: F | Y9: M | Z9: F | AA9: M | AB9: F | AC9: M | AD9: F | AE9: M | AF9: F | AG9: M | AH9: F | AI9: M | AJ9: F | AK9: M | AL9: F | AM9: M | AN9: F
B10: SECTION A.1 MORBIDITY
A11: Other Diseases
A12: FOLLICULITIS | AM12: =C12+E12+G12+I12+K12+M12+O12+Q12+S12+U12+W12+Y12+AA12+AC12+AE12+AG12+AI12+AK12 -> 0 | AN12: =D12+F12+H12+J12+L12+N12+P12+R12+T12+V12+X12+Z12+AB12+AD12+AF12+AH12+AJ12+AL12 -> 0 | AO12: =AM12+AN12 -> 0
A13: FRACTURE | AM13: =C13+E13+G13+I13+K13+M13+O13+Q13+S13+U13+W13+Y13+AA13+AC13+AE13+AG13+AI13+AK13 -> 0 | AN13: =D13+F13+H13+J13+L13+N13+P13+R13+T13+V13+X13+Z13+AB13+AD13+AF13+AH13+AJ13+AL13 -> 0 | AO13: =AM13+AN13 -> 0
A14: IMPACTED CERUMEN | AM14: =C14+E14+G14+I14+K14+M14+O14+Q14+S14+U14+W14+Y14+AA14+AC14+AE14+AG14+AI14+AK14 -> 0 | AN14: =D14+F14+H14+J14+L14+N14+P14+R14+T14+V14+X14+Z14+AB14+AD14+AF14+AH14+AJ14+AL14 -> 0 | AO14: =AM14+AN14 -> 0
A15: FATIGUE SYNCOPE | AM15: =C15+E15+G15+I15+K15+M15+O15+Q15+S15+U15+W15+Y15+AA15+AC15+AE15+AG15+AI15+AK15 -> 0 | AN15: =D15+F15+H15+J15+L15+N15+P15+R15+T15+V15+X15+Z15+AB15+AD15+AF15+AH15+AJ15+AL15 -> 0 | AO15: =AM15+AN15 -> 0
A16: INFECTED ORAL AREA | AM16: =C16+E16+G16+I16+K16+M16+O16+Q16+S16+U16+W16+Y16+AA16+AC16+AE16+AG16+AI16+AK16 -> 0 | AN16: =D16+F16+H16+J16+L16+N16+P16+R16+T16+V16+X16+Z16+AB16+AD16+AF16+AH16+AJ16+AL16 -> 0 | AO16: =AM16+AN16 -> 0
A17: NON ULCER DYSPEPSIA | P17: 1 | S17: 1 | AM17: =C17+E17+G17+I17+K17+M17+O17+Q17+S17+U17+W17+Y17+AA17+AC17+AE17+AG17+AI17+AK17 -> 1 | AN17: =D17+F17+H17+J17+L17+N17+P17+R17+T17+V17+X17+Z17+AB17+AD17+AF17+AH17+AJ17+AL17 -> 1 | AO17: =AM17+AN17 -> 2
A18: TINEA CAPITIS | AM18: =C18+E18+G18+I18+K18+M18+O18+Q18+S18+U18+W18+Y18+AA18+AC18+AE18+AG18+AI18+AK18 -> 0 | AN18: =D18+F18+H18+J18+L18+N18+P18+R18+T18+V18+X18+Z18+AB18+AD18+AF18+AH18+AJ18+AL18 -> 0 | AO18: =AM18+AN18 -> 0
A19: Bells Palsy | AM19: =C19+E19+G19+I19+K19+M19+O19+Q19+S19+U19+W19+Y19+AA19+AC19+AE19+AG19+AI19+AK19 -> 0 | AN19: =D19+F19+H19+J19+L19+N19+P19+R19+T19+V19+X19+Z19+AB19+AD19+AF19+AH19+AJ19+AL19 -> 0 | AO19: =AM19+AN19 -> 0
A20: A | AM20: =C20+E20+G20+I20+K20+M20+O20+Q20+S20+U20+W20+Y20+AA20+AC20+AE20+AG20+AI20+AK20 -> 0 | AN20: =D20+F20+H20+J20+L20+N20+P20+R20+T20+V20+X20+Z20+AB20+AD20+AF20+AH20+AJ20+AL20 -> 0 | AO20: =AM20+AN20 -> 0
A21: ACUTE GASTRITIS | M21: 1 | R21: 1 | AM21: =C21+E21+G21+I21+K21+M21+O21+Q21+S21+U21+W21+Y21+AA21+AC21+AE21+AG21+AI21+AK21 -> 1 | AN21: =D21+F21+H21+J21+L21+N21+P21+R21+T21+V21+X21+Z21+AB21+AD21+AF21+AH21+AJ21+AL21 -> 1 | AO21: =AM21+AN21 -> 2
A22: ASTHMA | AM22: =C22+E22+G22+I22+K22+M22+O22+Q22+S22+U22+W22+Y22+AA22+AC22+AE22+AG22+AI22+AK22 -> 0 | AN22: =D22+F22+H22+J22+L22+N22+P22+R22+T22+V22+X22+Z22+AB22+AD22+AF22+AH22+AJ22+AL22 -> 0 | AO22: =AM22+AN22 -> 0
A23: ACUTE PYELONEPHRITIS | AM23: =C23+E23+G23+I23+K23+M23+O23+Q23+S23+U23+W23+Y23+AA23+AC23+AE23+AG23+AI23+AK23 -> 0 | AN23: =D23+F23+H23+J23+L23+N23+P23+R23+T23+V23+X23+Z23+AB23+AD23+AF23+AH23+AJ23+AL23 -> 0 | AO23: =AM23+AN23 -> 0
A24: ANIMAL BITE | AM24: =C24+E24+G24+I24+K24+M24+O24+Q24+S24+U24+W24+Y24+AA24+AC24+AE24+AG24+AI24+AK24 -> 0 | AN24: =D24+F24+H24+J24+L24+N24+P24+R24+T24+V24+X24+Z24+AB24+AD24+AF24+AH24+AJ24+AL24 -> 0 | AO24: =AM24+AN24 -> 0
A25: ABDOMINAL PAIN | AM25: =C25+E25+G25+I25+K25+M25+O25+Q25+S25+U25+W25+Y25+AA25+AC25+AE25+AG25+AI25+AK25 -> 0 | AN25: =D25+F25+H25+J25+L25+N25+P25+R25+T25+V25+X25+Z25+AB25+AD25+AF25+AH25+AJ25+AL25 -> 0 | AO25: =AM25+AN25 -> 0
A26: ABRASION | AM26: =C26+E26+G26+I26+K26+M26+O26+Q26+S26+U26+W26+Y26+AA26+AC26+AE26+AG26+AI26+AK26 -> 0 | AN26: =D26+F26+H26+J26+L26+N26+P26+R26+T26+V26+X26+Z26+AB26+AD26+AF26+AH26+AJ26+AL26 -> 0 | AO26: =AM26+AN26 -> 0
A27: ACUTE RESPIRATORY INFECTION/ DISEASE | G27: 1 | I27: 2 | K27: 6 | M27: 1 | O27: 1 | X27: 1 | AM27: =C27+E27+G27+I27+K27+M27+O27+Q27+S27+U27+W27+Y27+AA27+AC27+AE27+AG27+AI27+AK27 -> 11 | AN27: =D27+F27+H27+J27+L27+N27+P27+R27+T27+V27+X27+Z27+AB27+AD27+AF27+AH27+AJ27+AL27 -> 1 | AO27: =AM27+AN27 -> 12
A28: ANEMIA | Z28: 1 | AM28: =C28+E28+G28+I28+K28+M28+O28+Q28+S28+U28+W28+Y28+AA28+AC28+AE28+AG28+AI28+AK28 -> 0 | AN28: =D28+F28+H28+J28+L28+N28+P28+R28+T28+V28+X28+Z28+AB28+AD28+AF28+AH28+AJ28+AL28 -> 1 | AO28: =AM28+AN28 -> 1
A29: ACUTE UNCOMPLICATED CYSTITIS | AM29: =C29+E29+G29+I29+K29+M29+O29+Q29+S29+U29+W29+Y29+AA29+AC29+AE29+AG29+AI29+AK29 -> 0 | AN29: =D29+F29+H29+J29+L29+N29+P29+R29+T29+V29+X29+Z29+AB29+AD29+AF29+AH29+AJ29+AL29 -> 0 | AO29: =AM29+AN29 -> 0
A30: ACUTE TONSILOPHARYNGITIS | N30: 1 | AM30: =C30+E30+G30+I30+K30+M30+O30+Q30+S30+U30+W30+Y30+AA30+AC30+AE30+AG30+AI30+AK30 -> 0 | AN30: =D30+F30+H30+J30+L30+N30+P30+R30+T30+V30+X30+Z30+AB30+AD30+AF30+AH30+AJ30+AL30 -> 1 | AO30: =AM30+AN30 -> 1
A31: ABCESS | AM31: =C31+E31+G31+I31+K31+M31+O31+Q31+S31+U31+W31+Y31+AA31+AC31+AE31+AG31+AI31+AK31 -> 0 | AN31: =D31+F31+H31+J31+L31+N31+P31+R31+T31+V31+X31+Z31+AB31+AD31+AF31+AH31+AJ31+AL31 -> 0
A32: ACUTE GASTROENTERITIS | H32: 2 | I32: 3 | J32: 4 | T32: 1 | AM32: =C32+E32+G32+I32+K32+M32+O32+Q32+S32+U32+W32+Y32+AA32+AC32+AE32+AG32+AI32+AK32 -> 3 | AN32: =D32+F32+H32+J32+L32+N32+P32+R32+T32+V32+X32+Z32+AB32+AD32+AF32+AH32+AJ32+AL32 -> 7 | AO32: =AM32+AN32 -> 10
A33: ALLERGIC REACTION | AM33: =C33+E33+G33+I33+K33+M33+O33+Q33+S33+U33+W33+Y33+AA33+AC33+AE33+AG33+AI33+AK33 -> 0 | AN33: =D33+F33+H33+J33+L33+N33+P33+R33+T33+V33+X33+Z33+AB33+AD33+AF33+AH33+AJ33+AL33 -> 0 | AO33: =AM33+AN33 -> 0
A34: ACUTE GLOMERULONEPHRITIS | AM34: =C34+E34+G34+I34+K34+M34+O34+Q34+S34+U34+W34+Y34+AA34+AC34+AE34+AG34+AI34+AK34 -> 0 | AN34: =D34+F34+H34+J34+L34+N34+P34+R34+T34+V34+X34+Z34+AB34+AD34+AF34+AH34+AJ34+AL34 -> 0 | AO34: =AM34+AN34 -> 0
A35: ANXIETY DISORDER | R35: 1 | AM35: =C35+E35+G35+I35+K35+M35+O35+Q35+S35+U35+W35+Y35+AA35+AC35+AE35+AG35+AI35+AK35 -> 0 | AN35: =D35+F35+H35+J35+L35+N35+P35+R35+T35+V35+X35+Z35+AB35+AD35+AF35+AH35+AJ35+AL35 -> 1 | AO35: =AM35+AN35 -> 1
A36: ASYMPTOMATIC BACTERIURIA | AM36: =C36+E36+G36+I36+K36+M36+O36+Q36+S36+U36+W36+Y36+AA36+AC36+AE36+AG36+AI36+AK36 -> 0 | AN36: =D36+F36+H36+J36+L36+N36+P36+R36+T36+V36+X36+Z36+AB36+AD36+AF36+AH36+AJ36+AL36 -> 0 | AO36: =AM36+AN36 -> 0
A37: ATHEROSCLEROTIC AORTA | AM37: =C37+E37+G37+I37+K37+M37+O37+Q37+S37+U37+W37+Y37+AA37+AC37+AE37+AG37+AI37+AK37 -> 0 | AN37: =D37+F37+H37+J37+L37+N37+P37+R37+T37+V37+X37+Z37+AB37+AD37+AF37+AH37+AJ37+AL37 -> 0 | AO37: =AM37+AN37 -> 0
A38: ALLERGIC RHINITIS | AM38: =C38+E38+G38+I38+K38+M38+O38+Q38+S38+U38+W38+Y38+AA38+AC38+AE38+AG38+AI38+AK38 -> 0 | AN38: =D38+F38+H38+J38+L38+N38+P38+R38+T38+V38+X38+Z38+AB38+AD38+AF38+AH38+AJ38+AL38 -> 0 | AO38: =AM38+AN38 -> 0
A39: APPENDICITIS | AM39: =C39+E39+G39+I39+K39+M39+O39+Q39+S39+U39+W39+Y39+AA39+AC39+AE39+AG39+AI39+AK39 -> 0 | AN39: =D39+F39+H39+J39+L39+N39+P39+R39+T39+V39+X39+Z39+AB39+AD39+AF39+AH39+AJ39+AL39 -> 0 | AO39: =AM39+AN39 -> 0
A40: AMOEBIASIS | AM40: =C40+E40+G40+I40+K40+M40+O40+Q40+S40+U40+W40+Y40+AA40+AC40+AE40+AG40+AI40+AK40 -> 0 | AN40: =D40+F40+H40+J40+L40+N40+P40+R40+T40+V40+X40+Z40+AB40+AD40+AF40+AH40+AJ40+AL40 -> 0 | AO40: =AM40+AN40 -> 0
A41: ASCARIASIS | AM41: =C41+E41+G41+I41+K41+M41+O41+Q41+S41+U41+W41+Y41+AA41+AC41+AE41+AG41+AI41+AK41 -> 0 | AN41: =D41+F41+H41+J41+L41+N41+P41+R41+T41+V41+X41+Z41+AB41+AD41+AF41+AH41+AJ41+AL41 -> 0 | AO41: =AM41+AN41 -> 0
A42: APHTHOUS ULCER | AM42: =C42+E42+G42+I42+K42+M42+O42+Q42+S42+U42+W42+Y42+AA42+AC42+AE42+AG42+AI42+AK42 -> 0 | AN42: =D42+F42+H42+J42+L42+N42+P42+R42+T42+V42+X42+Z42+AB42+AD42+AF42+AH42+AJ42+AL42 -> 0 | AO42: =AM42+AN42 -> 0
A43: ACUTE BRONCHITIS | AC43: 1 | AM43: =C43+E43+G43+I43+K43+M43+O43+Q43+S43+U43+W43+Y43+AA43+AC43+AE43+AG43+AI43+AK43 -> 1 | AN43: =D43+F43+H43+J43+L43+N43+P43+R43+T43+V43+X43+Z43+AB43+AD43+AF43+AH43+AJ43+AL43 -> 0 | AO43: =AM43+AN43 -> 1
A44: AMENORRHEA | AM44: =C44+E44+G44+I44+K44+M44+O44+Q44+S44+U44+W44+Y44+AA44+AC44+AE44+AG44+AI44+AK44 -> 0 | AN44: =D44+F44+H44+J44+L44+N44+P44+R44+T44+V44+X44+Z44+AB44+AD44+AF44+AH44+AJ44+AL44 -> 0 | AO44: =AM44+AN44 -> 0
A45: ABNORMAL UTERINE BLEEDING | AM45: =C45+E45+G45+I45+K45+M45+O45+Q45+S45+U45+W45+Y45+AA45+AC45+AE45+AG45+AI45+AK45 -> 0 | AN45: =D45+F45+H45+J45+L45+N45+P45+R45+T45+V45+X45+Z45+AB45+AD45+AF45+AH45+AJ45+AL45 -> 0 | AO45: =AM45+AN45 -> 0
A46: ALLERGIC COUGH | AM46: =C46+E46+G46+I46+K46+M46+O46+Q46+S46+U46+W46+Y46+AA46+AC46+AE46+AG46+AI46+AK46 -> 0 | AN46: =D46+F46+H46+J46+L46+N46+P46+R46+T46+V46+X46+Z46+AB46+AD46+AF46+AH46+AJ46+AL46 -> 0 | AO46: =AM46+AN46 -> 0
A47: ACUTE HYPERVENTILATION | AM47: =C47+E47+G47+I47+K47+M47+O47+Q47+S47+U47+W47+Y47+AA47+AC47+AE47+AG47+AI47+AK47 -> 0 | AN47: =D47+F47+H47+J47+L47+N47+P47+R47+T47+V47+X47+Z47+AB47+AD47+AF47+AH47+AJ47+AL47 -> 0 | AO47: =AM47+AN47 -> 0
A48: ACUTE CONJUNCTIVITIS | AM48: =C48+E48+G48+I48+K48+M48+O48+Q48+S48+U48+W48+Y48+AA48+AC48+AE48+AG48+AI48+AK48 -> 0 | AN48: =D48+F48+H48+J48+L48+N48+P48+R48+T48+V48+X48+Z48+AB48+AD48+AF48+AH48+AJ48+AL48 -> 0 | AO48: =AM48+AN48 -> 0
A49: B | AM49: =C49+E49+G49+I49+K49+M49+O49+Q49+S49+U49+W49+Y49+AA49+AC49+AE49+AG49+AI49+AK49 -> 0 | AN49: =D49+F49+H49+J49+L49+N49+P49+R49+T49+V49+X49+Z49+AB49+AD49+AF49+AH49+AJ49+AL49 -> 0 | AO49: =AM49+AN49 -> 0
A50: BACTERIAL VAGINOSIS | AM50: =C50+E50+G50+I50+K50+M50+O50+Q50+S50+U50+W50+Y50+AA50+AC50+AE50+AG50+AI50+AK50 -> 0 | AN50: =D50+F50+H50+J50+L50+N50+P50+R50+T50+V50+X50+Z50+AB50+AD50+AF50+AH50+AJ50+AL50 -> 0 | AO50: =AM50+AN50 -> 0
A51: BOILS | AM51: =C51+E51+G51+I51+K51+M51+O51+Q51+S51+U51+W51+Y51+AA51+AC51+AE51+AG51+AI51+AK51 -> 0 | AN51: =D51+F51+H51+J51+L51+N51+P51+R51+T51+V51+X51+Z51+AB51+AD51+AF51+AH51+AJ51+AL51 -> 0 | AO51: =AM51+AN51 -> 0
A52: BENIGN PAROXYSMAL POSITIONAL VERTIGO | X52: 1 | Z52: 1 | AB52: 1 | AK52: 1 | AL52: 1 | AM52: =C52+E52+G52+I52+K52+M52+O52+Q52+S52+U52+W52+Y52+AA52+AC52+AE52+AG52+AI52+AK52 -> 1 | AN52: =D52+F52+H52+J52+L52+N52+P52+R52+T52+V52+X52+Z52+AB52+AD52+AF52+AH52+AJ52+AL52 -> 4 | AO52: =AM52+AN52 -> 5
A53: BACTERIAL INFECTION | AM53: =C53+E53+G53+I53+K53+M53+O53+Q53+S53+U53+W53+Y53+AA53+AC53+AE53+AG53+AI53+AK53 -> 0 | AN53: =D53+F53+H53+J53+L53+N53+P53+R53+T53+V53+X53+Z53+AB53+AD53+AF53+AH53+AJ53+AL53 -> 0 | AO53: =AM53+AN53 -> 0
A54: BLEEDING (ALL TYPES) | AM54: =C54+E54+G54+I54+K54+M54+O54+Q54+S54+U54+W54+Y54+AA54+AC54+AE54+AG54+AI54+AK54 -> 0 | AN54: =D54+F54+H54+J54+L54+N54+P54+R54+T54+V54+X54+Z54+AB54+AD54+AF54+AH54+AJ54+AL54 -> 0 | AO54: =AM54+AN54 -> 0
A55: BRONCHIAL ASTHMA | AM55: =C55+E55+G55+I55+K55+M55+O55+Q55+S55+U55+W55+Y55+AA55+AC55+AE55+AG55+AI55+AK55 -> 0 | AN55: =D55+F55+H55+J55+L55+N55+P55+R55+T55+V55+X55+Z55+AB55+AD55+AF55+AH55+AJ55+AL55 -> 0 | AO55: =AM55+AN55 -> 0
A56: BI-PEDAL EDEMA | AM56: =C56+E56+G56+I56+K56+M56+O56+Q56+S56+U56+W56+Y56+AA56+AC56+AE56+AG56+AI56+AK56 -> 0 | AN56: =D56+F56+H56+J56+L56+N56+P56+R56+T56+V56+X56+Z56+AB56+AD56+AF56+AH56+AJ56+AL56 -> 0 | AO56: =AM56+AN56 -> 0
A57: BREAST MASS | AM57: =C57+E57+G57+I57+K57+M57+O57+Q57+S57+U57+W57+Y57+AA57+AC57+AE57+AG57+AI57+AK57 -> 0 | AN57: =D57+F57+H57+J57+L57+N57+P57+R57+T57+V57+X57+Z57+AB57+AD57+AF57+AH57+AJ57+AL57 -> 0 | AO57: =AM57+AN57 -> 0
A58: BURN
A59: BENIGN PROSTATIC HYPERTHROPHY | AM59: =C59+E59+G59+I59+K59+M59+O59+Q59+S59+U59+W59+Y59+AA59+AC59+AE59+AG59+AI59+AK59 -> 0 | AN59: =D59+F59+H59+J59+L59+N59+P59+R59+T59+V59+X59+Z59+AB59+AD59+AF59+AH59+AJ59+AL59 -> 0 | AO59: =AM59+AN59 -> 0
A60: C | AM60: =C60+E60+G60+I60+K60+M60+O60+Q60+S60+U60+W60+Y60+AA60+AC60+AE60+AG60+AI60+AK60 -> 0 | AN60: =D60+F60+H60+J60+L60+N60+P60+R60+T60+V60+X60+Z60+AB60+AD60+AF60+AH60+AJ60+AL60 -> 0 | AO60: =AM60+AN60 -> 0
A61: CELLULITIS | AM61: =C61+E61+G61+I61+K61+M61+O61+Q61+S61+U61+W61+Y61+AA61+AC61+AE61+AG61+AI61+AK61 -> 0 | AN61: =D61+F61+H61+J61+L61+N61+P61+R61+T61+V61+X61+Z61+AB61+AD61+AF61+AH61+AJ61+AL61 -> 0 | AO61: =AM61+AN61 -> 0
A62: COMMUNITY ACQUIRED PNEUMONIA | AL62: 1 | AM62: =C62+E62+G62+I62+K62+M62+O62+Q62+S62+U62+W62+Y62+AA62+AC62+AE62+AG62+AI62+AK62 -> 0 | AN62: =D62+F62+H62+J62+L62+N62+P62+R62+T62+V62+X62+Z62+AB62+AD62+AF62+AH62+AJ62+AL62 -> 1 | AO62: =AM62+AN62 -> 1
A63: CONTUSION HEMATOMA | AM63: =C63+E63+G63+I63+K63+M63+O63+Q63+S63+U63+W63+Y63+AA63+AC63+AE63+AG63+AI63+AK63 -> 0 | AN63: =D63+F63+H63+J63+L63+N63+P63+R63+T63+V63+X63+Z63+AB63+AD63+AF63+AH63+AJ63+AL63 -> 0 | AO63: =AM63+AN63 -> 0
A64: COUGH | AM64: =C64+E64+G64+I64+K64+M64+O64+Q64+S64+U64+W64+Y64+AA64+AC64+AE64+AG64+AI64+AK64 -> 0 | AN64: =D64+F64+H64+J64+L64+N64+P64+R64+T64+V64+X64+Z64+AB64+AD64+AF64+AH64+AJ64+AL64 -> 0 | AO64: =AM64+AN64 -> 0
A65: CARBUNCLE | P65: 1 | AM65: =C65+E65+G65+I65+K65+M65+O65+Q65+S65+U65+W65+Y65+AA65+AC65+AE65+AG65+AI65+AK65 -> 0 | AN65: =D65+F65+H65+J65+L65+N65+P65+R65+T65+V65+X65+Z65+AB65+AD65+AF65+AH65+AJ65+AL65 -> 1 | AO65: =AM65+AN65 -> 1
A66: CARDIAC PATHOLOGY | AM66: =C66+E66+G66+I66+K66+M66+O66+Q66+S66+U66+W66+Y66+AA66+AC66+AE66+AG66+AI66+AK66 -> 0 | AN66: =D66+F66+H66+J66+L66+N66+P66+R66+T66+V66+X66+Z66+AB66+AD66+AF66+AH66+AJ66+AL66 -> 0 | AO66: =AM66+AN66 -> 0
A67: CANKER SORES | AM67: =C67+E67+G67+I67+K67+M67+O67+Q67+S67+U67+W67+Y67+AA67+AC67+AE67+AG67+AI67+AK67 -> 0 | AN67: =D67+F67+H67+J67+L67+N67+P67+R67+T67+V67+X67+Z67+AB67+AD67+AF67+AH67+AJ67+AL67 -> 0 | AO67: =AM67+AN67 -> 0
A68: CHICKEN POX | AM68: =C68+E68+G68+I68+K68+M68+O68+Q68+S68+U68+W68+Y68+AA68+AC68+AE68+AG68+AI68+AK68 -> 0 | AN68: =D68+F68+H68+J68+L68+N68+P68+R68+T68+V68+X68+Z68+AB68+AD68+AF68+AH68+AJ68+AL68 -> 0 | AO68: =AM68+AN68 -> 0
A69: CARDIAC DISORDER | AM69: =C69+E69+G69+I69+K69+M69+O69+Q69+S69+U69+W69+Y69+AA69+AC69+AE69+AG69+AI69+AK69 -> 0 | AN69: =D69+F69+H69+J69+L69+N69+P69+R69+T69+V69+X69+Z69+AB69+AD69+AF69+AH69+AJ69+AL69 -> 0 | AO69: =AM69+AN69 -> 0
A70: CATARACT | AM70: =C70+E70+G70+I70+K70+M70+O70+Q70+S70+U70+W70+Y70+AA70+AC70+AE70+AG70+AI70+AK70 -> 0 | AN70: =D70+F70+H70+J70+L70+N70+P70+R70+T70+V70+X70+Z70+AB70+AD70+AF70+AH70+AJ70+AL70 -> 0 | AO70: =AM70+AN70 -> 0
A71: CONSTIPATION | AM71: =C71+E71+G71+I71+K71+M71+O71+Q71+S71+U71+W71+Y71+AA71+AC71+AE71+AG71+AI71+AK71 -> 0 | AN71: =D71+F71+H71+J71+L71+N71+P71+R71+T71+V71+X71+Z71+AB71+AD71+AF71+AH71+AJ71+AL71 -> 0 | AO71: =AM71+AN71 -> 0
A72: CONJUCTIVITIS | AM72: =C72+E72+G72+I72+K72+M72+O72+Q72+S72+U72+W72+Y72+AA72+AC72+AE72+AG72+AI72+AK72 -> 0 | AN72: =D72+F72+H72+J72+L72+N72+P72+R72+T72+V72+X72+Z72+AB72+AD72+AF72+AH72+AJ72+AL72 -> 0 | AO72: =AM72+AN72 -> 0
A73: CANDIDIASIS | AM73: =C73+E73+G73+I73+K73+M73+O73+Q73+S73+U73+W73+Y73+AA73+AC73+AE73+AG73+AI73+AK73 -> 0 | AN73: =D73+F73+H73+J73+L73+N73+P73+R73+T73+V73+X73+Z73+AB73+AD73+AF73+AH73+AJ73+AL73 -> 0 | AO73: =AM73+AN73 -> 0
A74: CHOLELITHIASIS | AM74: =C74+E74+G74+I74+K74+M74+O74+Q74+S74+U74+W74+Y74+AA74+AC74+AE74+AG74+AI74+AK74 -> 0 | AN74: =D74+F74+H74+J74+L74+N74+P74+R74+T74+V74+X74+Z74+AB74+AD74+AF74+AH74+AJ74+AL74 -> 0 | AO74: =AM74+AN74 -> 0
A75: CONTACT DERMATITIS | AM75: =C75+E75+G75+I75+K75+M75+O75+Q75+S75+U75+W75+Y75+AA75+AC75+AE75+AG75+AI75+AK75 -> 0 | AN75: =D75+F75+H75+J75+L75+N75+P75+R75+T75+V75+X75+Z75+AB75+AD75+AF75+AH75+AJ75+AL75 -> 0 | AO75: =AM75+AN75 -> 0
A76: CONGENITAL LIMB DEFECT | AM76: =C76+E76+G76+I76+K76+M76+O76+Q76+S76+U76+W76+Y76+AA76+AC76+AE76+AG76+AI76+AK76 -> 0 | AN76: =D76+F76+H76+J76+L76+N76+P76+R76+T76+V76+X76+Z76+AB76+AD76+AF76+AH76+AJ76+AL76 -> 0 | AO76: =AM76+AN76 -> 0
A77: CYST | AM77: =C77+E77+G77+I77+K77+M77+O77+Q77+S77+U77+W77+Y77+AA77+AC77+AE77+AG77+AI77+AK77 -> 0 | AN77: =D77+F77+H77+J77+L77+N77+P77+R77+T77+V77+X77+Z77+AB77+AD77+AF77+AH77+AJ77+AL77 -> 0 | AO77: =AM77+AN77 -> 0
... A79: D | AM79: =C79+E79+G79+I79+K79+M79+O79+Q79+S79+U79+W79+Y79+AA79+AC79+AE79+AG79+AI79+AK79 -> 0 | AN79: =D79+F79+H79+J79+L79+N79+P79+R79+T79+V79+X79+Z79+AB79+AD79+AF79+AH79+AJ79+AL79 -> 0 | AO79: =AM79+AN79 -> 0
A80: DIABETES MELLITUS | Z80: 3 | AC80: 3 | AD80: 7 | AE80: 3 | AF80: 4 | AH80: 5 | AI80: 4 | AJ80: 1 | AK80: 5 | AL80: 2 | AM80: =C80+E80+G80+I80+K80+M80+O80+Q80+S80+U80+W80+Y80+AA80+AC80+AE80+AG80+AI80+AK80 -> 15 | AN80: =D80+F80+H80+J80+L80+N80+P80+R80+T80+V80+X80+Z80+AB80+AD80+AF80+AH80+AJ80+AL80 -> 22 | AO80: =AM80+AN80 -> 37
A81: DENGUE FEVER | AM81: =C81+E81+G81+I81+K81+M81+O81+Q81+S81+U81+W81+Y81+AA81+AC81+AE81+AG81+AI81+AK81 -> 0 | AN81: =D81+F81+H81+J81+L81+N81+P81+R81+T81+V81+X81+Z81+AB81+AD81+AF81+AH81+AJ81+AL81 -> 0 | AO81: =AM81+AN81 -> 0
A82: DENTAL PROBLEM | AM82: =C82+E82+G82+I82+K82+M82+O82+Q82+S82+U82+W82+Y82+AA82+AC82+AE82+AG82+AI82+AK82 -> 0 | AN82: =D82+F82+H82+J82+L82+N82+P82+R82+T82+V82+X82+Z82+AB82+AD82+AF82+AH82+AJ82+AL82 -> 0 | AO82: =AM82+AN82 -> 0
A83: DENTAL ABCESS | AM83: =C83+E83+G83+I83+K83+M83+O83+Q83+S83+U83+W83+Y83+AA83+AC83+AE83+AG83+AI83+AK83 -> 0 | AN83: =D83+F83+H83+J83+L83+N83+P83+R83+T83+V83+X83+Z83+AB83+AD83+AF83+AH83+AJ83+AL83 -> 0 | AO83: =AM83+AN83 -> 0
A84: DIABETIC FOOT | AM84: =C84+E84+G84+I84+K84+M84+O84+Q84+S84+U84+W84+Y84+AA84+AC84+AE84+AG84+AI84+AK84 -> 0 | AN84: =D84+F84+H84+J84+L84+N84+P84+R84+T84+V84+X84+Z84+AB84+AD84+AF84+AH84+AJ84+AL84 -> 0 | AO84: =AM84+AN84 -> 0
A85: DIABETIC NEPHROPATHY | AM85: =C85+E85+G85+I85+K85+M85+O85+Q85+S85+U85+W85+Y85+AA85+AC85+AE85+AG85+AI85+AK85 -> 0 | AN85: =D85+F85+H85+J85+L85+N85+P85+R85+T85+V85+X85+Z85+AB85+AD85+AF85+AH85+AJ85+AL85 -> 0 | AO85: =AM85+AN85 -> 0
A86: DYSMENORRHEA | AM86: =C86+E86+G86+I86+K86+M86+O86+Q86+S86+U86+W86+Y86+AA86+AC86+AE86+AG86+AI86+AK86 -> 0 | AN86: =D86+F86+H86+J86+L86+N86+P86+R86+T86+V86+X86+Z86+AB86+AD86+AF86+AH86+AJ86+AL86 -> 0 | AO86: =AM86+AN86 -> 0
AM87: =C87+E87+G87+I87+K87+M87+O87+Q87+S87+U87+W87+Y87+AA87+AC87+AE87+AG87+AI87+AK87 -> 0 | AN87: =D87+F87+H87+J87+L87+N87+P87+R87+T87+V87+X87+Z87+AB87+AD87+AF87+AH87+AJ87+AL87 -> 0 | AO87: =AM87+AN87 -> 0
AM88: =C88+E88+G88+I88+K88+M88+O88+Q88+S88+U88+W88+Y88+AA88+AC88+AE88+AG88+AI88+AK88 -> 0 | AN88: =D88+F88+H88+J88+L88+N88+P88+R88+T88+V88+X88+Z88+AB88+AD88+AF88+AH88+AJ88+AL88 -> 0 | AO88: =AM88+AN88 -> 0
AM89: =C89+E89+G89+I89+K89+M89+O89+Q89+S89+U89+W89+Y89+AA89+AC89+AE89+AG89+AI89+AK89 -> 0 | AN89: =D89+F89+H89+J89+L89+N89+P89+R89+T89+V89+X89+Z89+AB89+AD89+AF89+AH89+AJ89+AL89 -> 0 | AO89: =AM89+AN89 -> 0
AM90: =C90+E90+G90+I90+K90+M90+O90+Q90+S90+U90+W90+Y90+AA90+AC90+AE90+AG90+AI90+AK90 -> 0 | AN90: =D90+F90+H90+J90+L90+N90+P90+R90+T90+V90+X90+Z90+AB90+AD90+AF90+AH90+AJ90+AL90 -> 0 | AO90: =AM90+AN90 -> 0
A91: E | AM91: =C91+E91+G91+I91+K91+M91+O91+Q91+S91+U91+W91+Y91+AA91+AC91+AE91+AG91+AI91+AK91 -> 0 | AN91: =D91+F91+H91+J91+L91+N91+P91+R91+T91+V91+X91+Z91+AB91+AD91+AF91+AH91+AJ91+AL91 -> 0 | AO91: =AM91+AN91 -> 0
A92: ENT PROBLEM | AM92: =C92+E92+G92+I92+K92+M92+O92+Q92+S92+U92+W92+Y92+AA92+AC92+AE92+AG92+AI92+AK92 -> 0 | AN92: =D92+F92+H92+J92+L92+N92+P92+R92+T92+V92+X92+Z92+AB92+AD92+AF92+AH92+AJ92+AL92 -> 0 | AO92: =AM92+AN92 -> 0
A93: EAR INFECTION | AM93: =C93+E93+G93+I93+K93+M93+O93+Q93+S93+U93+W93+Y93+AA93+AC93+AE93+AG93+AI93+AK93 -> 0 | AN93: =D93+F93+H93+J93+L93+N93+P93+R93+T93+V93+X93+Z93+AB93+AD93+AF93+AH93+AJ93+AL93 -> 0 | AO93: =AM93+AN93 -> 0
A94: EPIGASTRIC PAIN | AM94: =C94+E94+G94+I94+K94+M94+O94+Q94+S94+U94+W94+Y94+AA94+AC94+AE94+AG94+AI94+AK94 -> 0 | AN94: =D94+F94+H94+J94+L94+N94+P94+R94+T94+V94+X94+Z94+AB94+AD94+AF94+AH94+AJ94+AL94 -> 0 | AO94: =AM94+AN94 -> 0
A95: EMPHYSEMA | AM95: =C95+E95+G95+I95+K95+M95+O95+Q95+S95+U95+W95+Y95+AA95+AC95+AE95+AG95+AI95+AK95 -> 0 | AN95: =D95+F95+H95+J95+L95+N95+P95+R95+T95+V95+X95+Z95+AB95+AD95+AF95+AH95+AJ95+AL95 -> 0 | AO95: =AM95+AN95 -> 0
A96: EYE DISORDER | AM96: =C96+E96+G96+I96+K96+M96+O96+Q96+S96+U96+W96+Y96+AA96+AC96+AE96+AG96+AI96+AK96 -> 0 | AN96: =D96+F96+H96+J96+L96+N96+P96+R96+T96+V96+X96+Z96+AB96+AD96+AF96+AH96+AJ96+AL96 -> 0 | AO96: =AM96+AN96 -> 0
A97: ECTHYMA | AM97: =C97+E97+G97+I97+K97+M97+O97+Q97+S97+U97+W97+Y97+AA97+AC97+AE97+AG97+AI97+AK97 -> 0 | AN97: =D97+F97+H97+J97+L97+N97+P97+R97+T97+V97+X97+Z97+AB97+AD97+AF97+AH97+AJ97+AL97 -> 0 | AO97: =AM97+AN97 -> 0
A98: EAR HEARING LOSS | AM98: =C98+E98+G98+I98+K98+M98+O98+Q98+S98+U98+W98+Y98+AA98+AC98+AE98+AG98+AI98+AK98 -> 0 | AN98: =D98+F98+H98+J98+L98+N98+P98+R98+T98+V98+X98+Z98+AB98+AD98+AF98+AH98+AJ98+AL98 -> 0 | AO98: =AM98+AN98 -> 0
A99: ERYTHEMA TOXICUM | AM99: =C99+E99+G99+I99+K99+M99+O99+Q99+S99+U99+W99+Y99+AA99+AC99+AE99+AG99+AI99+AK99 -> 0 | AN99: =D99+F99+H99+J99+L99+N99+P99+R99+T99+V99+X99+Z99+AB99+AD99+AF99+AH99+AJ99+AL99 -> 0 | AO99: =AM99+AN99 -> 0
A100: ECZEMA | AM100: =C100+E100+G100+I100+K100+M100+O100+Q100+S100+U100+W100+Y100+AA100+AC100+AE100+AG100+AI100+AK100 -> 0 | AN100: =D100+F100+H100+J100+L100+N100+P100+R100+T100+V100+X100+Z100+AB100+AD100+AF100+AH100+AJ100+AL100 -> 0 | AO100: =AM100+AN100 -> 0
A101: EPISTAXIS | AM101: =C101+E101+G101+I101+K101+M101+O101+Q101+S101+U101+W101+Y101+AA101+AC101+AE101+AG101+AI101+AK101 -> 0 | AN101: =D101+F101+H101+J101+L101+N101+P101+R101+T101+V101+X101+Z101+AB101+AD101+AF101+AH101+AJ101+AL101 -> 0 | AO101: =AM101+AN101 -> 0
...

Sheet 1ST QUARTER
B1: FHSIS REPORT for the MONTH: JANUARY TO MARCH YEAR: 2024 | AK1: Q1
B2: Name of Health Facility: RHU TRENTO
B3: Name of Barangay:
B4: Name of Municipality/City: TRENTO
B5: Name of Province: AGUSAN DEL SUR
B6: Projected Population of the Year: 56,690
B7: For submission to the next administrative level
A8: Disease | B8: ICD-10 Code | C8: 0-6 days | E8: 7-28 days | G8: 29 days- 11 mos | I8: 1-4 y/o | K8: 5-9 y/o | M8: 10-14 y/o | O8: 15-19 y/o | Q8: 20-24 y/o | S8: 25-29 y/o | U8: 30-34 y/o | W8: 35-39 y/o | Y8: 40-44 y/o | AA8: 45-49 y/o | AC8: 50-54 y/o | AE8: 55-59 y/o | AG8: 60-64 y/o | AI8: 65-69 y/o | AK8: ≥ 70 y/o | AM8: Total | AO8: TOTAL Both Sex
C9: M | D9: F | E9: M | F9: F | G9: M | H9: F | I9: M | J9: F | K9: M | L9: F | M9: M | N9: F | O9: M | P9: F | Q9: M | R9: F | S9: M | T9: F | U9: M | V9: F | W9: M | X9: F | Y9: M | Z9: F | AA9: M | AB9: F | AC9: M | AD9: F | AE9: M | AF9: F | AG9: M | AH9: F | AI9: M | AJ9: F | AK9: M | AL9: F | AM9: M | AN9: F
B10: SECTION A.1 MORBIDITY
A11: Other Diseases
A12: FOLLICULITIS | C12: =JANUARY!C12+FEBRUARY!C12+MARCH!C12 -> 0 | D12: =JANUARY!D12+FEBRUARY!D12+MARCH!D12 -> 0 | E12: =JANUARY!E12+FEBRUARY!E12+MARCH!E12 -> 0 | F12: =JANUARY!F12+FEBRUARY!F12+MARCH!F12 -> 0 | G12: =JANUARY!G12+FEBRUARY!G12+MARCH!G12 -> 0 | H12: =JANUARY!H12+FEBRUARY!H12+MARCH!H12 -> 0 | I12: =JANUARY!I12+FEBRUARY!I12+MARCH!I12 -> 0 | J12: =JANUARY!J12+FEBRUARY!J12+MARCH!J12 -> 0 | ... AL12: =JANUARY!AL12+FEBRUARY!AL12+MARCH!AL12 -> 0 | AM12: =C12+E12+G12+I12+K12+M12+O12+Q12+S12+U12+W12+Y12+AA12+AC12+AE12+AG12+AI12+AK12 -> 0 | AN12: =D12+F12+H12+J12+L12+N12+P12+R12+T12+V12+X12+Z12+AB12+AD12+AF12+AH12+AJ12+AL12 -> 0 | AO12: =AM12+AN12 -> 0
A13: FRACTURE | C13: =JANUARY!C13+FEBRUARY!C13+MARCH!C13 -> 0 | D13: =JANUARY!D13+FEBRUARY!D13+MARCH!D13 -> 0 | E13: =JANUARY!E13+FEBRUARY!E13+MARCH!E13 -> 0 | F13: =JANUARY!F13+FEBRUARY!F13+MARCH!F13 -> 0 | G13: =JANUARY!G13+FEBRUARY!G13+MARCH!G13 -> 0 | H13: =JANUARY!H13+FEBRUARY!H13+MARCH!H13 -> 0 | I13: =JANUARY!I13+FEBRUARY!I13+MARCH!I13 -> 0 | J13: =JANUARY!J13+FEBRUARY!J13+MARCH!J13 -> 0 | ... AL13: =JANUARY!AL13+FEBRUARY!AL13+MARCH!AL13 -> 0 | AM13: =C13+E13+G13+I13+K13+M13+O13+Q13+S13+U13+W13+Y13+AA13+AC13+AE13+AG13+AI13+AK13 -> 0 | AN13: =D13+F13+H13+J13+L13+N13+P13+R13+T13+V13+X13+Z13+AB13+AD13+AF13+AH13+AJ13+AL13 -> 0 | AO13: =AM13+AN13 -> 0
A14: IMPACTED CERUMEN | C14: =JANUARY!C14+FEBRUARY!C14+MARCH!C14 -> 0 | D14: =JANUARY!D14+FEBRUARY!D14+MARCH!D14 -> 0 | E14: =JANUARY!E14+FEBRUARY!E14+MARCH!E14 -> 0 | F14: =JANUARY!F14+FEBRUARY!F14+MARCH!F14 -> 0 | G14: =JANUARY!G14+FEBRUARY!G14+MARCH!G14 -> 0 | H14: =JANUARY!H14+FEBRUARY!H14+MARCH!H14 -> 0 | I14: =JANUARY!I14+FEBRUARY!I14+MARCH!I14 -> 0 | J14: =JANUARY!J14+FEBRUARY!J14+MARCH!J14 -> 0 | ... AL14: =JANUARY!AL14+FEBRUARY!AL14+MARCH!AL14 -> 0 | AM14: =C14+E14+G14+I14+K14+M14+O14+Q14+S14+U14+W14+Y14+AA14+AC14+AE14+AG14+AI14+AK14 -> 0 | AN14: =D14+F14+H14+J14+L14+N14+P14+R14+T14+V14+X14+Z14+AB14+AD14+AF14+AH14+AJ14+AL14 -> 0 | AO14: =AM14+AN14 -> 0
A15: FATIGUE SYNCOPE | C15: =JANUARY!C15+FEBRUARY!C15+MARCH!C15 -> 0 | D15: =JANUARY!D15+FEBRUARY!D15+MARCH!D15 -> 0 | E15: =JANUARY!E15+FEBRUARY!E15+MARCH!E15 -> 0 | F15: =JANUARY!F15+FEBRUARY!F15+MARCH!F15 -> 0 | G15: =JANUARY!G15+FEBRUARY!G15+MARCH!G15 -> 0 | H15: =JANUARY!H15+FEBRUARY!H15+MARCH!H15 -> 0 | I15: =JANUARY!I15+FEBRUARY!I15+MARCH!I15 -> 0 | J15: =JANUARY!J15+FEBRUARY!J15+MARCH!J15 -> 0 | ... AL15: =JANUARY!AL15+FEBRUARY!AL15+MARCH!AL15 -> 0 | AM15: =C15+E15+G15+I15+K15+M15+O15+Q15+S15+U15+W15+Y15+AA15+AC15+AE15+AG15+AI15+AK15 -> 0 | AN15: =D15+F15+H15+J15+L15+N15+P15+R15+T15+V15+X15+Z15+AB15+AD15+AF15+AH15+AJ15+AL15 -> 0 | AO15: =AM15+AN15 -> 0
A16: INFECTED ORAL AREA | C16: =JANUARY!C16+FEBRUARY!C16+MARCH!C16 -> 0 | D16: =JANUARY!D16+FEBRUARY!D16+MARCH!D16 -> 0 | E16: =JANUARY!E16+FEBRUARY!E16+MARCH!E16 -> 0 | F16: =JANUARY!F16+FEBRUARY!F16+MARCH!F16 -> 0 | G16: =JANUARY!G16+FEBRUARY!G16+MARCH!G16 -> 0 | H16: =JANUARY!H16+FEBRUARY!H16+MARCH!H16 -> 0 | I16: =JANUARY!I16+FEBRUARY!I16+MARCH!I16 -> 0 | J16: =JANUARY!J16+FEBRUARY!J16+MARCH!J16 -> 0 | ... AL16: =JANUARY!AL16+FEBRUARY!AL16+MARCH!AL16 -> 0 | AM16: =C16+E16+G16+I16+K16+M16+O16+Q16+S16+U16+W16+Y16+AA16+AC16+AE16+AG16+AI16+AK16 -> 0 | AN16: =D16+F16+H16+J16+L16+N16+P16+R16+T16+V16+X16+Z16+AB16+AD16+AF16+AH16+AJ16+AL16 -> 0 | AO16: =AM16+AN16 -> 0
A17: NON ULCER DYSPEPSIA | C17: =JANUARY!C17+FEBRUARY!C17+MARCH!C17 -> 0 | D17: =JANUARY!D17+FEBRUARY!D17+MARCH!D17 -> 0 | E17: =JANUARY!E17+FEBRUARY!E17+MARCH!E17 -> 0 | F17: =JANUARY!F17+FEBRUARY!F17+MARCH!F17 -> 0 | G17: =JANUARY!G17+FEBRUARY!G17+MARCH!G17 -> 0 | H17: =JANUARY!H17+FEBRUARY!H17+MARCH!H17 -> 0 | I17: =JANUARY!I17+FEBRUARY!I17+MARCH!I17 -> 0 | J17: =JANUARY!J17+FEBRUARY!J17+MARCH!J17 -> 0 | ... AL17: =JANUARY!AL17+FEBRUARY!AL17+MARCH!AL17 -> 0 | AM17: =C17+E17+G17+I17+K17+M17+O17+Q17+S17+U17+W17+Y17+AA17+AC17+AE17+AG17+AI17+AK17 -> 1 | AN17: =D17+F17+H17+J17+L17+N17+P17+R17+T17+V17+X17+Z17+AB17+AD17+AF17+AH17+AJ17+AL17 -> 1 | AO17: =AM17+AN17 -> 2
A18: TINEA CAPITIS | C18: =JANUARY!C18+FEBRUARY!C18+MARCH!C18 -> 0 | D18: =JANUARY!D18+FEBRUARY!D18+MARCH!D18 -> 0 | E18: =JANUARY!E18+FEBRUARY!E18+MARCH!E18 -> 0 | F18: =JANUARY!F18+FEBRUARY!F18+MARCH!F18 -> 0 | G18: =JANUARY!G18+FEBRUARY!G18+MARCH!G18 -> 0 | H18: =JANUARY!H18+FEBRUARY!H18+MARCH!H18 -> 0 | I18: =JANUARY!I18+FEBRUARY!I18+MARCH!I18 -> 0 | J18: =JANUARY!J18+FEBRUARY!J18+MARCH!J18 -> 0 | ... AL18: =JANUARY!AL18+FEBRUARY!AL18+MARCH!AL18 -> 0 | AM18: =C18+E18+G18+I18+K18+M18+O18+Q18+S18+U18+W18+Y18+AA18+AC18+AE18+AG18+AI18+AK18 -> 0 | AN18: =D18+F18+H18+J18+L18+N18+P18+R18+T18+V18+X18+Z18+AB18+AD18+AF18+AH18+AJ18+AL18 -> 0 | AO18: =AM18+AN18 -> 0
A19: Bells Palsy | C19: =JANUARY!C19+FEBRUARY!C19+MARCH!C19 -> 0 | D19: =JANUARY!D19+FEBRUARY!D19+MARCH!D19 -> 0 | E19: =JANUARY!E19+FEBRUARY!E19+MARCH!E19 -> 0 | F19: =JANUARY!F19+FEBRUARY!F19+MARCH!F19 -> 0 | G19: =JANUARY!G19+FEBRUARY!G19+MARCH!G19 -> 0 | H19: =JANUARY!H19+FEBRUARY!H19+MARCH!H19 -> 0 | I19: =JANUARY!I19+FEBRUARY!I19+MARCH!I19 -> 0 | J19: =JANUARY!J19+FEBRUARY!J19+MARCH!J19 -> 0 | ... AL19: =JANUARY!AL19+FEBRUARY!AL19+MARCH!AL19 -> 0 | AM19: =C19+E19+G19+I19+K19+M19+O19+Q19+S19+U19+W19+Y19+AA19+AC19+AE19+AG19+AI19+AK19 -> 0 | AN19: =D19+F19+H19+J19+L19+N19+P19+R19+T19+V19+X19+Z19+AB19+AD19+AF19+AH19+AJ19+AL19 -> 0 | AO19: =AM19+AN19 -> 0
A20: A
A21: ACUTE GASTRITIS | C21: =JANUARY!C21+FEBRUARY!C21+MARCH!C21 -> 0 | D21: =JANUARY!D21+FEBRUARY!D21+MARCH!D21 -> 0 | E21: =JANUARY!E21+FEBRUARY!E21+MARCH!E21 -> 0 | F21: =JANUARY!F21+FEBRUARY!F21+MARCH!F21 -> 0 | G21: =JANUARY!G21+FEBRUARY!G21+MARCH!G21 -> 0 | H21: =JANUARY!H21+FEBRUARY!H21+MARCH!H21 -> 0 | I21: =JANUARY!I21+FEBRUARY!I21+MARCH!I21 -> 2 | J21: =JANUARY!J21+FEBRUARY!J21+MARCH!J21 -> 1 | ... AL21: =JANUARY!AL21+FEBRUARY!AL21+MARCH!AL21 -> 1 | AM21: =C21+E21+G21+I21+K21+M21+O21+Q21+S21+U21+W21+Y21+AA21+AC21+AE21+AG21+AI21+AK21 -> 10 | AN21: =D21+F21+H21+J21+L21+N21+P21+R21+T21+V21+X21+Z21+AB21+AD21+AF21+AH21+AJ21+AL21 -> 8 | AO21: =AM21+AN21 -> 18
A22: ASTHMA | C22: =JANUARY!C22+FEBRUARY!C22+MARCH!C22 -> 0 | D22: =JANUARY!D22+FEBRUARY!D22+MARCH!D22 -> 0 | E22: =JANUARY!E22+FEBRUARY!E22+MARCH!E22 -> 0 | F22: =JANUARY!F22+FEBRUARY!F22+MARCH!F22 -> 0 | G22: =JANUARY!G22+FEBRUARY!G22+MARCH!G22 -> 0 | H22: =JANUARY!H22+FEBRUARY!H22+MARCH!H22 -> 0 | I22: =JANUARY!I22+FEBRUARY!I22+MARCH!I22 -> 0 | J22: =JANUARY!J22+FEBRUARY!J22+MARCH!J22 -> 0 | ... AL22: =JANUARY!AL22+FEBRUARY!AL22+MARCH!AL22 -> 0 | AM22: =C22+E22+G22+I22+K22+M22+O22+Q22+S22+U22+W22+Y22+AA22+AC22+AE22+AG22+AI22+AK22 -> 0 | AN22: =D22+F22+H22+J22+L22+N22+P22+R22+T22+V22+X22+Z22+AB22+AD22+AF22+AH22+AJ22+AL22 -> 0 | AO22: =AM22+AN22 -> 0
A23: ACUTE PYELONEPHRITIS | C23: =JANUARY!C23+FEBRUARY!C23+MARCH!C23 -> 0 | D23: =JANUARY!D23+FEBRUARY!D23+MARCH!D23 -> 0 | E23: =JANUARY!E23+FEBRUARY!E23+MARCH!E23 -> 0 | F23: =JANUARY!F23+FEBRUARY!F23+MARCH!F23 -> 0 | G23: =JANUARY!G23+FEBRUARY!G23+MARCH!G23 -> 0 | H23: =JANUARY!H23+FEBRUARY!H23+MARCH!H23 -> 0 | I23: =JANUARY!I23+FEBRUARY!I23+MARCH!I23 -> 0 | J23: =JANUARY!J23+FEBRUARY!J23+MARCH!J23 -> 0 | ... AL23: =JANUARY!AL23+FEBRUARY!AL23+MARCH!AL23 -> 0 | AM23: =C23+E23+G23+I23+K23+M23+O23+Q23+S23+U23+W23+Y23+AA23+AC23+AE23+AG23+AI23+AK23 -> 0 | AN23: =D23+F23+H23+J23+L23+N23+P23+R23+T23+V23+X23+Z23+AB23+AD23+AF23+AH23+AJ23+AL23 -> 0 | AO23: =AM23+AN23 -> 0
A24: ANIMAL BITE | C24: =JANUARY!C24+FEBRUARY!C24+MARCH!C24 -> 0 | D24: =JANUARY!D24+FEBRUARY!D24+MARCH!D24 -> 0 | E24: =JANUARY!E24+FEBRUARY!E24+MARCH!E24 -> 0 | F24: =JANUARY!F24+FEBRUARY!F24+MARCH!F24 -> 0 | G24: =JANUARY!G24+FEBRUARY!G24+MARCH!G24 -> 0 | H24: =JANUARY!H24+FEBRUARY!H24+MARCH!H24 -> 0 | I24: =JANUARY!I24+FEBRUARY!I24+MARCH!I24 -> 0 | J24: =JANUARY!J24+FEBRUARY!J24+MARCH!J24 -> 0 | ... AL24: =JANUARY!AL24+FEBRUARY!AL24+MARCH!AL24 -> 0 | AM24: =C24+E24+G24+I24+K24+M24+O24+Q24+S24+U24+W24+Y24+AA24+AC24+AE24+AG24+AI24+AK24 -> 0 | AN24: =D24+F24+H24+J24+L24+N24+P24+R24+T24+V24+X24+Z24+AB24+AD24+AF24+AH24+AJ24+AL24 -> 0 | AO24: =AM24+AN24 -> 0
A25: ABDOMINAL PAIN | C25: =JANUARY!C25+FEBRUARY!C25+MARCH!C25 -> 0 | D25: =JANUARY!D25+FEBRUARY!D25+MARCH!D25 -> 0 | E25: =JANUARY!E25+FEBRUARY!E25+MARCH!E25 -> 0 | F25: =JANUARY!F25+FEBRUARY!F25+MARCH!F25 -> 0 | G25: =JANUARY!G25+FEBRUARY!G25+MARCH!G25 -> 0 | H25: =JANUARY!H25+FEBRUARY!H25+MARCH!H25 -> 0 | I25: =JANUARY!I25+FEBRUARY!I25+MARCH!I25 -> 0 | J25: =JANUARY!J25+FEBRUARY!J25+MARCH!J25 -> 0 | ... AL25: =JANUARY!AL25+FEBRUARY!AL25+MARCH!AL25 -> 0 | AM25: =C25+E25+G25+I25+K25+M25+O25+Q25+S25+U25+W25+Y25+AA25+AC25+AE25+AG25+AI25+AK25 -> 0 | AN25: =D25+F25+H25+J25+L25+N25+P25+R25+T25+V25+X25+Z25+AB25+AD25+AF25+AH25+AJ25+AL25 -> 0 | AO25: =AM25+AN25 -> 0
A26: ABRASION | C26: =JANUARY!C26+FEBRUARY!C26+MARCH!C26 -> 0 | D26: =JANUARY!D26+FEBRUARY!D26+MARCH!D26 -> 0 | E26: =JANUARY!E26+FEBRUARY!E26+MARCH!E26 -> 0 | F26: =JANUARY!F26+FEBRUARY!F26+MARCH!F26 -> 0 | G26: =JANUARY!G26+FEBRUARY!G26+MARCH!G26 -> 0 | H26: =JANUARY!H26+FEBRUARY!H26+MARCH!H26 -> 0 | I26: =JANUARY!I26+FEBRUARY!I26+MARCH!I26 -> 0 | J26: =JANUARY!J26+FEBRUARY!J26+MARCH!J26 -> 0 | ... AL26: =JANUARY!AL26+FEBRUARY!AL26+MARCH!AL26 -> 0 | AM26: =C26+E26+G26+I26+K26+M26+O26+Q26+S26+U26+W26+Y26+AA26+AC26+AE26+AG26+AI26+AK26 -> 0 | AN26: =D26+F26+H26+J26+L26+N26+P26+R26+T26+V26+X26+Z26+AB26+AD26+AF26+AH26+AJ26+AL26 -> 0 | AO26: =AM26+AN26 -> 0
A27: ACUTE RESPIRATORY INFECTION/ DISEASE | C27: =JANUARY!C27+FEBRUARY!C27+MARCH!C27 -> 0 | D27: =JANUARY!D27+FEBRUARY!D27+MARCH!D27 -> 0 | E27: =JANUARY!E27+FEBRUARY!E27+MARCH!E27 -> 0 | F27: =JANUARY!F27+FEBRUARY!F27+MARCH!F27 -> 0 | G27: =JANUARY!G27+FEBRUARY!G27+MARCH!G27 -> 1 | H27: =JANUARY!H27+FEBRUARY!H27+MARCH!H27 -> 1 | I27: =JANUARY!I27+FEBRUARY!I27+MARCH!I27 -> 10 | J27: =JANUARY!J27+FEBRUARY!J27+MARCH!J27 -> 4 | ... AL27: =JANUARY!AL27+FEBRUARY!AL27+MARCH!AL27 -> 0 | AM27: =C27+E27+G27+I27+K27+M27+O27+Q27+S27+U27+W27+Y27+AA27+AC27+AE27+AG27+AI27+AK27 -> 31 | AN27: =D27+F27+H27+J27+L27+N27+P27+R27+T27+V27+X27+Z27+AB27+AD27+AF27+AH27+AJ27+AL27 -> 21 | AO27: =AM27+AN27 -> 52
A28: ANEMIA | C28: =JANUARY!C28+FEBRUARY!C28+MARCH!C28 -> 0 | D28: =JANUARY!D28+FEBRUARY!D28+MARCH!D28 -> 0 | E28: =JANUARY!E28+FEBRUARY!E28+MARCH!E28 -> 0 | F28: =JANUARY!F28+FEBRUARY!F28+MARCH!F28 -> 0 | G28: =JANUARY!G28+FEBRUARY!G28+MARCH!G28 -> 0 | H28: =JANUARY!H28+FEBRUARY!H28+MARCH!H28 -> 0 | I28: =JANUARY!I28+FEBRUARY!I28+MARCH!I28 -> 0 | J28: =JANUARY!J28+FEBRUARY!J28+MARCH!J28 -> 0 | ... AL28: =JANUARY!AL28+FEBRUARY!AL28+MARCH!AL28 -> 0 | AM28: =C28+E28+G28+I28+K28+M28+O28+Q28+S28+U28+W28+Y28+AA28+AC28+AE28+AG28+AI28+AK28 -> 0 | AN28: =D28+F28+H28+J28+L28+N28+P28+R28+T28+V28+X28+Z28+AB28+AD28+AF28+AH28+AJ28+AL28 -> 3 | AO28: =AM28+AN28 -> 3
A29: ACUTE UNCOMPLICATED CYSTITIS | C29: =JANUARY!C29+FEBRUARY!C29+MARCH!C29 -> 0 | D29: =JANUARY!D29+FEBRUARY!D29+MARCH!D29 -> 0 | E29: =JANUARY!E29+FEBRUARY!E29+MARCH!E29 -> 0 | F29: =JANUARY!F29+FEBRUARY!F29+MARCH!F29 -> 0 | G29: =JANUARY!G29+FEBRUARY!G29+MARCH!G29 -> 0 | H29: =JANUARY!H29+FEBRUARY!H29+MARCH!H29 -> 0 | I29: =JANUARY!I29+FEBRUARY!I29+MARCH!I29 -> 0 | J29: =JANUARY!J29+FEBRUARY!J29+MARCH!J29 -> 0 | ... AL29: =JANUARY!AL29+FEBRUARY!AL29+MARCH!AL29 -> 0 | AM29: =C29+E29+G29+I29+K29+M29+O29+Q29+S29+U29+W29+Y29+AA29+AC29+AE29+AG29+AI29+AK29 -> 0 | AN29: =D29+F29+H29+J29+L29+N29+P29+R29+T29+V29+X29+Z29+AB29+AD29+AF29+AH29+AJ29+AL29 -> 0 | AO29: =AM29+AN29 -> 0
A30: ACUTE TONSILOPHARYNGITIS | C30: =JANUARY!C30+FEBRUARY!C30+MARCH!C30 -> 0 | D30: =JANUARY!D30+FEBRUARY!D30+MARCH!D30 -> 0 | E30: =JANUARY!E30+FEBRUARY!E30+MARCH!E30 -> 0 | F30: =JANUARY!F30+FEBRUARY!F30+MARCH!F30 -> 0 | G30: =JANUARY!G30+FEBRUARY!G30+MARCH!G30 -> 0 | H30: =JANUARY!H30+FEBRUARY!H30+MARCH!H30 -> 0 | I30: =JANUARY!I30+FEBRUARY!I30+MARCH!I30 -> 0 | J30: =JANUARY!J30+FEBRUARY!J30+MARCH!J30 -> 0 | ... AL30: =JANUARY!AL30+FEBRUARY!AL30+MARCH!AL30 -> 0 | AM30: =C30+E30+G30+I30+K30+M30+O30+Q30+S30+U30+W30+Y30+AA30+AC30+AE30+AG30+AI30+AK30 -> 1 | AN30: =D30+F30+H30+J30+L30+N30+P30+R30+T30+V30+X30+Z30+AB30+AD30+AF30+AH30+AJ30+AL30 -> 2 | AO30: =AM30+AN30 -> 3
A31: ABCESS | C31: =JANUARY!C31+FEBRUARY!C31+MARCH!C31 -> 0 | D31: =JANUARY!D31+FEBRUARY!D31+MARCH!D31 -> 0 | E31: =JANUARY!E31+FEBRUARY!E31+MARCH!E31 -> 0 | F31: =JANUARY!F31+FEBRUARY!F31+MARCH!F31 -> 0 | G31: =JANUARY!G31+FEBRUARY!G31+MARCH!G31 -> 0 | H31: =JANUARY!H31+FEBRUARY!H31+MARCH!H31 -> 0 | I31: =JANUARY!I31+FEBRUARY!I31+MARCH!I31 -> 0 | J31: =JANUARY!J31+FEBRUARY!J31+MARCH!J31 -> 0 | ... AL31: =JANUARY!AL31+FEBRUARY!AL31+MARCH!AL31 -> 0 | AM31: =C31+E31+G31+I31+K31+M31+O31+Q31+S31+U31+W31+Y31+AA31+AC31+AE31+AG31+AI31+AK31 -> 0 | AN31: =D31+F31+H31+J31+L31+N31+P31+R31+T31+V31+X31+Z31+AB31+AD31+AF31+AH31+AJ31+AL31 -> 0 | AO31: =AM31+AN31 -> 0
A32: ACUTE GASTROENTERITIS | C32: =JANUARY!C32+FEBRUARY!C32+MARCH!C32 -> 0 | D32: =JANUARY!D32+FEBRUARY!D32+MARCH!D32 -> 0 | E32: =JANUARY!E32+FEBRUARY!E32+MARCH!E32 -> 0 | F32: =JANUARY!F32+FEBRUARY!F32+MARCH!F32 -> 0 | G32: =JANUARY!G32+FEBRUARY!G32+MARCH!G32 -> 0 | H32: =JANUARY!H32+FEBRUARY!H32+MARCH!H32 -> 2 | I32: =JANUARY!I32+FEBRUARY!I32+MARCH!I32 -> 12 | J32: =JANUARY!J32+FEBRUARY!J32+MARCH!J32 -> 6 | ... AL32: =JANUARY!AL32+FEBRUARY!AL32+MARCH!AL32 -> 0 | AM32: =C32+E32+G32+I32+K32+M32+O32+Q32+S32+U32+W32+Y32+AA32+AC32+AE32+AG32+AI32+AK32 -> 14 | AN32: =D32+F32+H32+J32+L32+N32+P32+R32+T32+V32+X32+Z32+AB32+AD32+AF32+AH32+AJ32+AL32 -> 12 | AO32: =AM32+AN32 -> 26
... A48: ACUTE CONJUNCTIVITIS | C48: =JANUARY!C48+FEBRUARY!C48+MARCH!C48 -> 0 | D48: =JANUARY!D48+FEBRUARY!D48+MARCH!D48 -> 0 | E48: =JANUARY!E48+FEBRUARY!E48+MARCH!E48 -> 0 | F48: =JANUARY!F48+FEBRUARY!F48+MARCH!F48 -> 0 | G48: =JANUARY!G48+FEBRUARY!G48+MARCH!G48 -> 0 | H48: =JANUARY!H48+FEBRUARY!H48+MARCH!H48 -> 0 | I48: =JANUARY!I48+FEBRUARY!I48+MARCH!I48 -> 0 | J48: =JANUARY!J48+FEBRUARY!J48+MARCH!J48 -> 0 | ... AL48: =JANUARY!AL48+FEBRUARY!AL48+MARCH!AL48 -> 0 | AM48: =C48+E48+G48+I48+K48+M48+O48+Q48+S48+U48+W48+Y48+AA48+AC48+AE48+AG48+AI48+AK48 -> 0 | AN48: =D48+F48+H48+J48+L48+N48+P48+R48+T48+V48+X48+Z48+AB48+AD48+AF48+AH48+AJ48+AL48 -> 0 | AO48: =AM48+AN48 -> 0
A49: B
A50: BACTERIAL VAGINOSIS | C50: =JANUARY!C50+FEBRUARY!C50+MARCH!C50 -> 0 | D50: =JANUARY!D50+FEBRUARY!D50+MARCH!D50 -> 0 | E50: =JANUARY!E50+FEBRUARY!E50+MARCH!E50 -> 0 | F50: =JANUARY!F50+FEBRUARY!F50+MARCH!F50 -> 0 | G50: =JANUARY!G50+FEBRUARY!G50+MARCH!G50 -> 0 | H50: =JANUARY!H50+FEBRUARY!H50+MARCH!H50 -> 0 | I50: =JANUARY!I50+FEBRUARY!I50+MARCH!I50 -> 0 | J50: =JANUARY!J50+FEBRUARY!J50+MARCH!J50 -> 0 | ... AL50: =JANUARY!AL50+FEBRUARY!AL50+MARCH!AL50 -> 0 | AM50: =C50+E50+G50+I50+K50+M50+O50+Q50+S50+U50+W50+Y50+AA50+AC50+AE50+AG50+AI50+AK50 -> 0 | AN50: =D50+F50+H50+J50+L50+N50+P50+R50+T50+V50+X50+Z50+AB50+AD50+AF50+AH50+AJ50+AL50 -> 0 | AO50: =AM50+AN50 -> 0
A51: BOILS | C51: =JANUARY!C51+FEBRUARY!C51+MARCH!C51 -> 0 | D51: =JANUARY!D51+FEBRUARY!D51+MARCH!D51 -> 0 | E51: =JANUARY!E51+FEBRUARY!E51+MARCH!E51 -> 0 | F51: =JANUARY!F51+FEBRUARY!F51+MARCH!F51 -> 0 | G51: =JANUARY!G51+FEBRUARY!G51+MARCH!G51 -> 0 | H51: =JANUARY!H51+FEBRUARY!H51+MARCH!H51 -> 0 | I51: =JANUARY!I51+FEBRUARY!I51+MARCH!I51 -> 0 | J51: =JANUARY!J51+FEBRUARY!J51+MARCH!J51 -> 0 | ... AL51: =JANUARY!AL51+FEBRUARY!AL51+MARCH!AL51 -> 0 | AM51: =C51+E51+G51+I51+K51+M51+O51+Q51+S51+U51+W51+Y51+AA51+AC51+AE51+AG51+AI51+AK51 -> 0 | AN51: =D51+F51+H51+J51+L51+N51+P51+R51+T51+V51+X51+Z51+AB51+AD51+AF51+AH51+AJ51+AL51 -> 0 | AO51: =AM51+AN51 -> 0
A52: BENIGN PAROXYSMAL POSITIONAL VERTIGO | C52: =JANUARY!C52+FEBRUARY!C52+MARCH!C52 -> 0 | D52: =JANUARY!D52+FEBRUARY!D52+MARCH!D52 -> 0 | E52: =JANUARY!E52+FEBRUARY!E52+MARCH!E52 -> 0 | F52: =JANUARY!F52+FEBRUARY!F52+MARCH!F52 -> 0 | G52: =JANUARY!G52+FEBRUARY!G52+MARCH!G52 -> 0 | H52: =JANUARY!H52+FEBRUARY!H52+MARCH!H52 -> 0 | I52: =JANUARY!I52+FEBRUARY!I52+MARCH!I52 -> 0 | J52: =JANUARY!J52+FEBRUARY!J52+MARCH!J52 -> 0 | ... AL52: =JANUARY!AL52+FEBRUARY!AL52+MARCH!AL52 -> 1 | AM52: =C52+E52+G52+I52+K52+M52+O52+Q52+S52+U52+W52+Y52+AA52+AC52+AE52+AG52+AI52+AK52 -> 1 | AN52: =D52+F52+H52+J52+L52+N52+P52+R52+T52+V52+X52+Z52+AB52+AD52+AF52+AH52+AJ52+AL52 -> 5 | AO52: =AM52+AN52 -> 6
A53: BACTERIAL INFECTION | C53: =JANUARY!C53+FEBRUARY!C53+MARCH!C53 -> 0 | D53: =JANUARY!D53+FEBRUARY!D53+MARCH!D53 -> 0 | E53: =JANUARY!E53+FEBRUARY!E53+MARCH!E53 -> 0 | F53: =JANUARY!F53+FEBRUARY!F53+MARCH!F53 -> 0 | G53: =JANUARY!G53+FEBRUARY!G53+MARCH!G53 -> 0 | H53: =JANUARY!H53+FEBRUARY!H53+MARCH!H53 -> 0 | I53: =JANUARY!I53+FEBRUARY!I53+MARCH!I53 -> 0 | J53: =JANUARY!J53+FEBRUARY!J53+MARCH!J53 -> 0 | ... AL53: =JANUARY!AL53+FEBRUARY!AL53+MARCH!AL53 -> 0 | AM53: =C53+E53+G53+I53+K53+M53+O53+Q53+S53+U53+W53+Y53+AA53+AC53+AE53+AG53+AI53+AK53 -> 0 | AN53: =D53+F53+H53+J53+L53+N53+P53+R53+T53+V53+X53+Z53+AB53+AD53+AF53+AH53+AJ53+AL53 -> 0 | AO53: =AM53+AN53 -> 0
A54: BLEEDING (ALL TYPES) | C54: =JANUARY!C54+FEBRUARY!C54+MARCH!C54 -> 0 | D54: =JANUARY!D54+FEBRUARY!D54+MARCH!D54 -> 0 | E54: =JANUARY!E54+FEBRUARY!E54+MARCH!E54 -> 0 | F54: =JANUARY!F54+FEBRUARY!F54+MARCH!F54 -> 0 | G54: =JANUARY!G54+FEBRUARY!G54+MARCH!G54 -> 0 | H54: =JANUARY!H54+FEBRUARY!H54+MARCH!H54 -> 0 | I54: =JANUARY!I54+FEBRUARY!I54+MARCH!I54 -> 0 | J54: =JANUARY!J54+FEBRUARY!J54+MARCH!J54 -> 0 | ... AL54: =JANUARY!AL54+FEBRUARY!AL54+MARCH!AL54 -> 0 | AM54: =C54+E54+G54+I54+K54+M54+O54+Q54+S54+U54+W54+Y54+AA54+AC54+AE54+AG54+AI54+AK54 -> 0 | AN54: =D54+F54+H54+J54+L54+N54+P54+R54+T54+V54+X54+Z54+AB54+AD54+AF54+AH54+AJ54+AL54 -> 0 | AO54: =AM54+AN54 -> 0
A55: BRONCHIAL ASTHMA | C55: =JANUARY!C55+FEBRUARY!C55+MARCH!C55 -> 0 | D55: =JANUARY!D55+FEBRUARY!D55+MARCH!D55 -> 0 | E55: =JANUARY!E55+FEBRUARY!E55+MARCH!E55 -> 0 | F55: =JANUARY!F55+FEBRUARY!F55+MARCH!F55 -> 0 | G55: =JANUARY!G55+FEBRUARY!G55+MARCH!G55 -> 0 | H55: =JANUARY!H55+FEBRUARY!H55+MARCH!H55 -> 0 | I55: =JANUARY!I55+FEBRUARY!I55+MARCH!I55 -> 0 | J55: =JANUARY!J55+FEBRUARY!J55+MARCH!J55 -> 0 | ... AL55: =JANUARY!AL55+FEBRUARY!AL55+MARCH!AL55 -> 0 | AM55: =C55+E55+G55+I55+K55+M55+O55+Q55+S55+U55+W55+Y55+AA55+AC55+AE55+AG55+AI55+AK55 -> 0 | AN55: =D55+F55+H55+J55+L55+N55+P55+R55+T55+V55+X55+Z55+AB55+AD55+AF55+AH55+AJ55+AL55 -> 0 | AO55: =AM55+AN55 -> 0
A56: BI-PEDAL EDEMA | C56: =JANUARY!C56+FEBRUARY!C56+MARCH!C56 -> 0 | D56: =JANUARY!D56+FEBRUARY!D56+MARCH!D56 -> 0 | E56: =JANUARY!E56+FEBRUARY!E56+MARCH!E56 -> 0 | F56: =JANUARY!F56+FEBRUARY!F56+MARCH!F56 -> 0 | G56: =JANUARY!G56+FEBRUARY!G56+MARCH!G56 -> 0 | H56: =JANUARY!H56+FEBRUARY!H56+MARCH!H56 -> 0 | I56: =JANUARY!I56+FEBRUARY!I56+MARCH!I56 -> 0 | J56: =JANUARY!J56+FEBRUARY!J56+MARCH!J56 -> 0 | ... AL56: =JANUARY!AL56+FEBRUARY!AL56+MARCH!AL56 -> 0 | AM56: =C56+E56+G56+I56+K56+M56+O56+Q56+S56+U56+W56+Y56+AA56+AC56+AE56+AG56+AI56+AK56 -> 0 | AN56: =D56+F56+H56+J56+L56+N56+P56+R56+T56+V56+X56+Z56+AB56+AD56+AF56+AH56+AJ56+AL56 -> 0 | AO56: =AM56+AN56 -> 0
A57: BREAST MASS | C57: =JANUARY!C57+FEBRUARY!C57+MARCH!C57 -> 0 | D57: =JANUARY!D57+FEBRUARY!D57+MARCH!D57 -> 0 | E57: =JANUARY!E57+FEBRUARY!E57+MARCH!E57 -> 0 | F57: =JANUARY!F57+FEBRUARY!F57+MARCH!F57 -> 0 | G57: =JANUARY!G57+FEBRUARY!G57+MARCH!G57 -> 0 | H57: =JANUARY!H57+FEBRUARY!H57+MARCH!H57 -> 0 | I57: =JANUARY!I57+FEBRUARY!I57+MARCH!I57 -> 0 | J57: =JANUARY!J57+FEBRUARY!J57+MARCH!J57 -> 0 | ... AL57: =JANUARY!AL57+FEBRUARY!AL57+MARCH!AL57 -> 0 | AM57: =C57+E57+G57+I57+K57+M57+O57+Q57+S57+U57+W57+Y57+AA57+AC57+AE57+AG57+AI57+AK57 -> 0 | AN57: =D57+F57+H57+J57+L57+N57+P57+R57+T57+V57+X57+Z57+AB57+AD57+AF57+AH57+AJ57+AL57 -> 0 | AO57: =AM57+AN57 -> 0
A58: BURN | C58: =JANUARY!C58+FEBRUARY!C59+MARCH!C59 -> 0 | D58: =JANUARY!D58+FEBRUARY!D59+MARCH!D59 -> 0 | E58: =JANUARY!E58+FEBRUARY!E59+MARCH!E59 -> 0 | F58: =JANUARY!F58+FEBRUARY!F59+MARCH!F59 -> 0 | G58: =JANUARY!G58+FEBRUARY!G59+MARCH!G59 -> 0 | H58: =JANUARY!H58+FEBRUARY!H59+MARCH!H59 -> 0 | I58: =JANUARY!I58+FEBRUARY!I59+MARCH!I59 -> 0 | J58: =JANUARY!J58+FEBRUARY!J59+MARCH!J59 -> 0 | ... AL58: =JANUARY!AL58+FEBRUARY!AL59+MARCH!AL59 -> 0 | AM58: =C58+E58+G58+I58+K58+M58+O58+Q58+S58+U58+W58+Y58+AA58+AC58+AE58+AG58+AI58+AK58 -> 0 | AN58: =D58+F58+H58+J58+L58+N58+P58+R58+T58+V58+X58+Z58+AB58+AD58+AF58+AH58+AJ58+AL58 -> 0 | AO58: =AM58+AN58 -> 0
A59: BENIGN PROSTATIC HYPERTHROPHY | C59: =JANUARY!C59+FEBRUARY!C60+MARCH!C60 -> 0 | D59: =JANUARY!D59+FEBRUARY!D60+MARCH!D60 -> 0 | E59: =JANUARY!E59+FEBRUARY!E60+MARCH!E60 -> 0 | F59: =JANUARY!F59+FEBRUARY!F60+MARCH!F60 -> 0 | G59: =JANUARY!G59+FEBRUARY!G60+MARCH!G60 -> 0 | H59: =JANUARY!H59+FEBRUARY!H60+MARCH!H60 -> 0 | I59: =JANUARY!I59+FEBRUARY!I60+MARCH!I60 -> 0 | J59: =JANUARY!J59+FEBRUARY!J60+MARCH!J60 -> 0 | ... AL59: =JANUARY!AL59+FEBRUARY!AL60+MARCH!AL60 -> 0 | AM59: =C59+E59+G59+I59+K59+M59+O59+Q59+S59+U59+W59+Y59+AA59+AC59+AE59+AG59+AI59+AK59 -> 0 | AN59: =D59+F59+H59+J59+L59+N59+P59+R59+T59+V59+X59+Z59+AB59+AD59+AF59+AH59+AJ59+AL59 -> 0 | AO59: =AM59+AN59 -> 0
A60: C
A61: CELLULITIS | C61: =JANUARY!C61+FEBRUARY!C61+MARCH!C61 -> 0 | D61: =JANUARY!D61+FEBRUARY!D61+MARCH!D61 -> 0 | E61: =JANUARY!E61+FEBRUARY!E61+MARCH!E61 -> 0 | F61: =JANUARY!F61+FEBRUARY!F61+MARCH!F61 -> 0 | G61: =JANUARY!G61+FEBRUARY!G61+MARCH!G61 -> 0 | H61: =JANUARY!H61+FEBRUARY!H61+MARCH!H61 -> 0 | I61: =JANUARY!I61+FEBRUARY!I61+MARCH!I61 -> 0 | J61: =JANUARY!J61+FEBRUARY!J61+MARCH!J61 -> 0 | ... AL61: =JANUARY!AL61+FEBRUARY!AL61+MARCH!AL61 -> 0 | AM61: =C61+E61+G61+I61+K61+M61+O61+Q61+S61+U61+W61+Y61+AA61+AC61+AE61+AG61+AI61+AK61 -> 1 | AN61: =D61+F61+H61+J61+L61+N61+P61+R61+T61+V61+X61+Z61+AB61+AD61+AF61+AH61+AJ61+AL61 -> 0 | AO61: =AM61+AN61 -> 1
A62: COMMUNITY ACQUIRED PNEUMONIA | C62: =JANUARY!C62+FEBRUARY!C62+MARCH!C62 -> 0 | D62: =JANUARY!D62+FEBRUARY!D62+MARCH!D62 -> 0 | E62: =JANUARY!E62+FEBRUARY!E62+MARCH!E62 -> 0 | F62: =JANUARY!F62+FEBRUARY!F62+MARCH!F62 -> 0 | G62: =JANUARY!G62+FEBRUARY!G62+MARCH!G62 -> 0 | H62: =JANUARY!H62+FEBRUARY!H62+MARCH!H62 -> 0 | I62: =JANUARY!I62+FEBRUARY!I62+MARCH!I62 -> 0 | J62: =JANUARY!J62+FEBRUARY!J62+MARCH!J62 -> 0 | ... AL62: =JANUARY!AL62+FEBRUARY!AL62+MARCH!AL62 -> 1 | AM62: =C62+E62+G62+I62+K62+M62+O62+Q62+S62+U62+W62+Y62+AA62+AC62+AE62+AG62+AI62+AK62 -> 0 | AN62: =D62+F62+H62+J62+L62+N62+P62+R62+T62+V62+X62+Z62+AB62+AD62+AF62+AH62+AJ62+AL62 -> 1 | AO62: =AM62+AN62 -> 1
A63: CONTUSION HEMATOMA | C63: =JANUARY!C63+FEBRUARY!C63+MARCH!C63 -> 0 | D63: =JANUARY!D63+FEBRUARY!D63+MARCH!D63 -> 0 | E63: =JANUARY!E63+FEBRUARY!E63+MARCH!E63 -> 0 | F63: =JANUARY!F63+FEBRUARY!F63+MARCH!F63 -> 0 | G63: =JANUARY!G63+FEBRUARY!G63+MARCH!G63 -> 0 | H63: =JANUARY!H63+FEBRUARY!H63+MARCH!H63 -> 0 | I63: =JANUARY!I63+FEBRUARY!I63+MARCH!I63 -> 0 | J63: =JANUARY!J63+FEBRUARY!J63+MARCH!J63 -> 0 | ... AL63: =JANUARY!AL63+FEBRUARY!AL63+MARCH!AL63 -> 0 | AM63: =C63+E63+G63+I63+K63+M63+O63+Q63+S63+U63+W63+Y63+AA63+AC63+AE63+AG63+AI63+AK63 -> 0 | AN63: =D63+F63+H63+J63+L63+N63+P63+R63+T63+V63+X63+Z63+AB63+AD63+AF63+AH63+AJ63+AL63 -> 0 | AO63: =AM63+AN63 -> 0
A64: COUGH | C64: =JANUARY!C64+FEBRUARY!C64+MARCH!C64 -> 0 | D64: =JANUARY!D64+FEBRUARY!D64+MARCH!D64 -> 0 | E64: =JANUARY!E64+FEBRUARY!E64+MARCH!E64 -> 0 | F64: =JANUARY!F64+FEBRUARY!F64+MARCH!F64 -> 0 | G64: =JANUARY!G64+FEBRUARY!G64+MARCH!G64 -> 0 | H64: =JANUARY!H64+FEBRUARY!H64+MARCH!H64 -> 0 | I64: =JANUARY!I64+FEBRUARY!I64+MARCH!I64 -> 0 | J64: =JANUARY!J64+FEBRUARY!J64+MARCH!J64 -> 0 | ... AL64: =JANUARY!AL64+FEBRUARY!AL64+MARCH!AL64 -> 0 | AM64: =C64+E64+G64+I64+K64+M64+O64+Q64+S64+U64+W64+Y64+AA64+AC64+AE64+AG64+AI64+AK64 -> 0 | AN64: =D64+F64+H64+J64+L64+N64+P64+R64+T64+V64+X64+Z64+AB64+AD64+AF64+AH64+AJ64+AL64 -> 0 | AO64: =AM64+AN64 -> 0
A65: CARBUNCLE | C65: =JANUARY!C65+FEBRUARY!C65+MARCH!C65 -> 0 | D65: =JANUARY!D65+FEBRUARY!D65+MARCH!D65 -> 0 | E65: =JANUARY!E65+FEBRUARY!E65+MARCH!E65 -> 0 | F65: =JANUARY!F65+FEBRUARY!F65+MARCH!F65 -> 0 | G65: =JANUARY!G65+FEBRUARY!G65+MARCH!G65 -> 0 | H65: =JANUARY!H65+FEBRUARY!H65+MARCH!H65 -> 0 | I65: =JANUARY!I65+FEBRUARY!I65+MARCH!I65 -> 0 | J65: =JANUARY!J65+FEBRUARY!J65+MARCH!J65 -> 0 | ... AL65: =JANUARY!AL65+FEBRUARY!AL65+MARCH!AL65 -> 0 | AM65: =C65+E65+G65+I65+K65+M65+O65+Q65+S65+U65+W65+Y65+AA65+AC65+AE65+AG65+AI65+AK65 -> 2 | AN65: =D65+F65+H65+J65+L65+N65+P65+R65+T65+V65+X65+Z65+AB65+AD65+AF65+AH65+AJ65+AL65 -> 3 | AO65: =AM65+AN65 -> 5
A66: CARDIAC PATHOLOGY | C66: =JANUARY!C66+FEBRUARY!C66+MARCH!C66 -> 0 | D66: =JANUARY!D66+FEBRUARY!D66+MARCH!D66 -> 0 | E66: =JANUARY!E66+FEBRUARY!E66+MARCH!E66 -> 0 | F66: =JANUARY!F66+FEBRUARY!F66+MARCH!F66 -> 0 | G66: =JANUARY!G66+FEBRUARY!G66+MARCH!G66 -> 0 | H66: =JANUARY!H66+FEBRUARY!H66+MARCH!H66 -> 0 | I66: =JANUARY!I66+FEBRUARY!I66+MARCH!I66 -> 0 | J66: =JANUARY!J66+FEBRUARY!J66+MARCH!J66 -> 0 | ... AL66: =JANUARY!AL66+FEBRUARY!AL66+MARCH!AL66 -> 0 | AM66: =C66+E66+G66+I66+K66+M66+O66+Q66+S66+U66+W66+Y66+AA66+AC66+AE66+AG66+AI66+AK66 -> 0 | AN66: =D66+F66+H66+J66+L66+N66+P66+R66+T66+V66+X66+Z66+AB66+AD66+AF66+AH66+AJ66+AL66 -> 0 | AO66: =AM66+AN66 -> 0
A67: CANKER SORES | C67: =JANUARY!C67+FEBRUARY!C67+MARCH!C67 -> 0 | D67: =JANUARY!D67+FEBRUARY!D67+MARCH!D67 -> 0 | E67: =JANUARY!E67+FEBRUARY!E67+MARCH!E67 -> 0 | F67: =JANUARY!F67+FEBRUARY!F67+MARCH!F67 -> 0 | G67: =JANUARY!G67+FEBRUARY!G67+MARCH!G67 -> 0 | H67: =JANUARY!H67+FEBRUARY!H67+MARCH!H67 -> 0 | I67: =JANUARY!I67+FEBRUARY!I67+MARCH!I67 -> 0 | J67: =JANUARY!J67+FEBRUARY!J67+MARCH!J67 -> 0 | ... AL67: =JANUARY!AL67+FEBRUARY!AL67+MARCH!AL67 -> 0 | AM67: =C67+E67+G67+I67+K67+M67+O67+Q67+S67+U67+W67+Y67+AA67+AC67+AE67+AG67+AI67+AK67 -> 0 | AN67: =D67+F67+H67+J67+L67+N67+P67+R67+T67+V67+X67+Z67+AB67+AD67+AF67+AH67+AJ67+AL67 -> 0 | AO67: =AM67+AN67 -> 0
A68: CHICKEN POX | C68: =JANUARY!C68+FEBRUARY!C68+MARCH!C68 -> 0 | D68: =JANUARY!D68+FEBRUARY!D68+MARCH!D68 -> 0 | E68: =JANUARY!E68+FEBRUARY!E68+MARCH!E68 -> 0 | F68: =JANUARY!F68+FEBRUARY!F68+MARCH!F68 -> 0 | G68: =JANUARY!G68+FEBRUARY!G68+MARCH!G68 -> 0 | H68: =JANUARY!H68+FEBRUARY!H68+MARCH!H68 -> 0 | I68: =JANUARY!I68+FEBRUARY!I68+MARCH!I68 -> 0 | J68: =JANUARY!J68+FEBRUARY!J68+MARCH!J68 -> 0 | ... AL68: =JANUARY!AL68+FEBRUARY!AL68+MARCH!AL68 -> 0 | AM68: =C68+E68+G68+I68+K68+M68+O68+Q68+S68+U68+W68+Y68+AA68+AC68+AE68+AG68+AI68+AK68 -> 1 | AN68: =D68+F68+H68+J68+L68+N68+P68+R68+T68+V68+X68+Z68+AB68+AD68+AF68+AH68+AJ68+AL68 -> 0 | AO68: =AM68+AN68 -> 1
A69: CARDIAC DISORDER | C69: =JANUARY!C69+FEBRUARY!C69+MARCH!C69 -> 0 | D69: =JANUARY!D69+FEBRUARY!D69+MARCH!D69 -> 0 | E69: =JANUARY!E69+FEBRUARY!E69+MARCH!E69 -> 0 | F69: =JANUARY!F69+FEBRUARY!F69+MARCH!F69 -> 0 | G69: =JANUARY!G69+FEBRUARY!G69+MARCH!G69 -> 0 | H69: =JANUARY!H69+FEBRUARY!H69+MARCH!H69 -> 0 | I69: =JANUARY!I69+FEBRUARY!I69+MARCH!I69 -> 0 | J69: =JANUARY!J69+FEBRUARY!J69+MARCH!J69 -> 0 | ... AL69: =JANUARY!AL69+FEBRUARY!AL69+MARCH!AL69 -> 0 | AM69: =C69+E69+G69+I69+K69+M69+O69+Q69+S69+U69+W69+Y69+AA69+AC69+AE69+AG69+AI69+AK69 -> 0 | AN69: =D69+F69+H69+J69+L69+N69+P69+R69+T69+V69+X69+Z69+AB69+AD69+AF69+AH69+AJ69+AL69 -> 0 | AO69: =AM69+AN69 -> 0
A70: CATARACT | C70: =JANUARY!C70+FEBRUARY!C70+MARCH!C70 -> 0 | D70: =JANUARY!D70+FEBRUARY!D70+MARCH!D70 -> 0 | E70: =JANUARY!E70+FEBRUARY!E70+MARCH!E70 -> 0 | F70: =JANUARY!F70+FEBRUARY!F70+MARCH!F70 -> 0 | G70: =JANUARY!G70+FEBRUARY!G70+MARCH!G70 -> 0 | H70: =JANUARY!H70+FEBRUARY!H70+MARCH!H70 -> 0 | I70: =JANUARY!I70+FEBRUARY!I70+MARCH!I70 -> 0 | J70: =JANUARY!J70+FEBRUARY!J70+MARCH!J70 -> 0 | ... AL70: =JANUARY!AL70+FEBRUARY!AL70+MARCH!AL70 -> 0 | AM70: =C70+E70+G70+I70+K70+M70+O70+Q70+S70+U70+W70+Y70+AA70+AC70+AE70+AG70+AI70+AK70 -> 0 | AN70: =D70+F70+H70+J70+L70+N70+P70+R70+T70+V70+X70+Z70+AB70+AD70+AF70+AH70+AJ70+AL70 -> 0 | AO70: =AM70+AN70 -> 0
A71: CONSTIPATION | C71: =JANUARY!C71+FEBRUARY!C71+MARCH!C71 -> 0 | D71: =JANUARY!D71+FEBRUARY!D71+MARCH!D71 -> 0 | E71: =JANUARY!E71+FEBRUARY!E71+MARCH!E71 -> 0 | F71: =JANUARY!F71+FEBRUARY!F71+MARCH!F71 -> 0 | G71: =JANUARY!G71+FEBRUARY!G71+MARCH!G71 -> 0 | H71: =JANUARY!H71+FEBRUARY!H71+MARCH!H71 -> 0 | I71: =JANUARY!I71+FEBRUARY!I71+MARCH!I71 -> 0 | J71: =JANUARY!J71+FEBRUARY!J71+MARCH!J71 -> 0 | ... AL71: =JANUARY!AL71+FEBRUARY!AL71+MARCH!AL71 -> 0 | AM71: =C71+E71+G71+I71+K71+M71+O71+Q71+S71+U71+W71+Y71+AA71+AC71+AE71+AG71+AI71+AK71 -> 0 | AN71: =D71+F71+H71+J71+L71+N71+P71+R71+T71+V71+X71+Z71+AB71+AD71+AF71+AH71+AJ71+AL71 -> 0 | AO71: =AM71+AN71 -> 0
A72: CONJUCTIVITIS | C72: =JANUARY!C72+FEBRUARY!C72+MARCH!C72 -> 0 | D72: =JANUARY!D72+FEBRUARY!D72+MARCH!D72 -> 0 | E72: =JANUARY!E72+FEBRUARY!E72+MARCH!E72 -> 0 | F72: =JANUARY!F72+FEBRUARY!F72+MARCH!F72 -> 0 | G72: =JANUARY!G72+FEBRUARY!G72+MARCH!G72 -> 0 | H72: =JANUARY!H72+FEBRUARY!H72+MARCH!H72 -> 0 | I72: =JANUARY!I72+FEBRUARY!I72+MARCH!I72 -> 0 | J72: =JANUARY!J72+FEBRUARY!J72+MARCH!J72 -> 0 | ... AL72: =JANUARY!AL72+FEBRUARY!AL72+MARCH!AL72 -> 0 | AM72: =C72+E72+G72+I72+K72+M72+O72+Q72+S72+U72+W72+Y72+AA72+AC72+AE72+AG72+AI72+AK72 -> 0 | AN72: =D72+F72+H72+J72+L72+N72+P72+R72+T72+V72+X72+Z72+AB72+AD72+AF72+AH72+AJ72+AL72 -> 0 | AO72: =AM72+AN72 -> 0
... A78: CHRONIC SINUSITIS | C78: =JANUARY!C78+FEBRUARY!C78+MARCH!C78 -> 0 | D78: =JANUARY!D78+FEBRUARY!D78+MARCH!D78 -> 0 | E78: =JANUARY!E78+FEBRUARY!E78+MARCH!E78 -> 0 | F78: =JANUARY!F78+FEBRUARY!F78+MARCH!F78 -> 0 | G78: =JANUARY!G78+FEBRUARY!G78+MARCH!G78 -> 0 | H78: =JANUARY!H78+FEBRUARY!H78+MARCH!H78 -> 0 | I78: =JANUARY!I78+FEBRUARY!I78+MARCH!I78 -> 0 | J78: =JANUARY!J78+FEBRUARY!J78+MARCH!J78 -> 0 | ... AL78: =JANUARY!AL78+FEBRUARY!AL78+MARCH!AL78 -> 0 | AM78: =C78+E78+G78+I78+K78+M78+O78+Q78+S78+U78+W78+Y78+AA78+AC78+AE78+AG78+AI78+AK78 -> 0 | AN78: =D78+F78+H78+J78+L78+N78+P78+R78+T78+V78+X78+Z78+AB78+AD78+AF78+AH78+AJ78+AL78 -> 0 | AO78: =AM78+AN78 -> 0
A79: D
A80: DIABETES MELLITUS | C80: =JANUARY!C80+FEBRUARY!C80+MARCH!C80 -> 0 | D80: =JANUARY!D80+FEBRUARY!D80+MARCH!D80 -> 0 | E80: =JANUARY!E80+FEBRUARY!E80+MARCH!E80 -> 0 | F80: =JANUARY!F80+FEBRUARY!F80+MARCH!F80 -> 0 | G80: =JANUARY!G80+FEBRUARY!G80+MARCH!G80 -> 0 | H80: =JANUARY!H80+FEBRUARY!H80+MARCH!H80 -> 0 | I80: =JANUARY!I80+FEBRUARY!I80+MARCH!I80 -> 0 | J80: =JANUARY!J80+FEBRUARY!J80+MARCH!J80 -> 0 | ... AL80: =JANUARY!AL80+FEBRUARY!AL80+MARCH!AL80 -> 5 | AM80: =C80+E80+G80+I80+K80+M80+O80+Q80+S80+U80+W80+Y80+AA80+AC80+AE80+AG80+AI80+AK80 -> 25 | AN80: =D80+F80+H80+J80+L80+N80+P80+R80+T80+V80+X80+Z80+AB80+AD80+AF80+AH80+AJ80+AL80 -> 53 | AO80: =AM80+AN80 -> 78
A81: DENGUE FEVER | C81: =JANUARY!C81+FEBRUARY!C81+MARCH!C81 -> 0 | D81: =JANUARY!D81+FEBRUARY!D81+MARCH!D81 -> 0 | E81: =JANUARY!E81+FEBRUARY!E81+MARCH!E81 -> 0 | F81: =JANUARY!F81+FEBRUARY!F81+MARCH!F81 -> 0 | G81: =JANUARY!G81+FEBRUARY!G81+MARCH!G81 -> 0 | H81: =JANUARY!H81+FEBRUARY!H81+MARCH!H81 -> 0 | I81: =JANUARY!I81+FEBRUARY!I81+MARCH!I81 -> 1 | J81: =JANUARY!J81+FEBRUARY!J81+MARCH!J81 -> 0 | ... AL81: =JANUARY!AL81+FEBRUARY!AL81+MARCH!AL81 -> 0 | AM81: =C81+E81+G81+I81+K81+M81+O81+Q81+S81+U81+W81+Y81+AA81+AC81+AE81+AG81+AI81+AK81 -> 2 | AN81: =D81+F81+H81+J81+L81+N81+P81+R81+T81+V81+X81+Z81+AB81+AD81+AF81+AH81+AJ81+AL81 -> 1 | AO81: =AM81+AN81 -> 3
A82: DENTAL PROBLEM | C82: =JANUARY!C82+FEBRUARY!C82+MARCH!C82 -> 0 | D82: =JANUARY!D82+FEBRUARY!D82+MARCH!D82 -> 0 | E82: =JANUARY!E82+FEBRUARY!E82+MARCH!E82 -> 0 | F82: =JANUARY!F82+FEBRUARY!F82+MARCH!F82 -> 0 | G82: =JANUARY!G82+FEBRUARY!G82+MARCH!G82 -> 0 | H82: =JANUARY!H82+FEBRUARY!H82+MARCH!H82 -> 0 | I82: =JANUARY!I82+FEBRUARY!I82+MARCH!I82 -> 0 | J82: =JANUARY!J82+FEBRUARY!J82+MARCH!J82 -> 0 | ... AL82: =JANUARY!AL82+FEBRUARY!AL82+MARCH!AL82 -> 0 | AM82: =C82+E82+G82+I82+K82+M82+O82+Q82+S82+U82+W82+Y82+AA82+AC82+AE82+AG82+AI82+AK82 -> 0 | AN82: =D82+F82+H82+J82+L82+N82+P82+R82+T82+V82+X82+Z82+AB82+AD82+AF82+AH82+AJ82+AL82 -> 0 | AO82: =AM82+AN82 -> 0
A83: DENTAL ABCESS | C83: =JANUARY!C83+FEBRUARY!C83+MARCH!C83 -> 0 | D83: =JANUARY!D83+FEBRUARY!D83+MARCH!D83 -> 0 | E83: =JANUARY!E83+FEBRUARY!E83+MARCH!E83 -> 0 | F83: =JANUARY!F83+FEBRUARY!F83+MARCH!F83 -> 0 | G83: =JANUARY!G83+FEBRUARY!G83+MARCH!G83 -> 0 | H83: =JANUARY!H83+FEBRUARY!H83+MARCH!H83 -> 0 | I83: =JANUARY!I83+FEBRUARY!I83+MARCH!I83 -> 0 | J83: =JANUARY!J83+FEBRUARY!J83+MARCH!J83 -> 0 | ... AL83: =JANUARY!AL83+FEBRUARY!AL83+MARCH!AL83 -> 0 | AM83: =C83+E83+G83+I83+K83+M83+O83+Q83+S83+U83+W83+Y83+AA83+AC83+AE83+AG83+AI83+AK83 -> 0 | AN83: =D83+F83+H83+J83+L83+N83+P83+R83+T83+V83+X83+Z83+AB83+AD83+AF83+AH83+AJ83+AL83 -> 0 | AO83: =AM83+AN83 -> 0
A84: DIABETIC FOOT | C84: =JANUARY!C84+FEBRUARY!C84+MARCH!C84 -> 0 | D84: =JANUARY!D84+FEBRUARY!D84+MARCH!D84 -> 0 | E84: =JANUARY!E84+FEBRUARY!E84+MARCH!E84 -> 0 | F84: =JANUARY!F84+FEBRUARY!F84+MARCH!F84 -> 0 | G84: =JANUARY!G84+FEBRUARY!G84+MARCH!G84 -> 0 | H84: =JANUARY!H84+FEBRUARY!H84+MARCH!H84 -> 0 | I84: =JANUARY!I84+FEBRUARY!I84+MARCH!I84 -> 0 | J84: =JANUARY!J84+FEBRUARY!J84+MARCH!J84 -> 0 | ... AL84: =JANUARY!AL84+FEBRUARY!AL84+MARCH!AL84 -> 0 | AM84: =C84+E84+G84+I84+K84+M84+O84+Q84+S84+U84+W84+Y84+AA84+AC84+AE84+AG84+AI84+AK84 -> 0 | AN84: =D84+F84+H84+J84+L84+N84+P84+R84+T84+V84+X84+Z84+AB84+AD84+AF84+AH84+AJ84+AL84 -> 0 | AO84: =AM84+AN84 -> 0
A85: DIABETIC NEPHROPATHY | C85: =JANUARY!C85+FEBRUARY!C85+MARCH!C85 -> 0 | D85: =JANUARY!D85+FEBRUARY!D85+MARCH!D85 -> 0 | E85: =JANUARY!E85+FEBRUARY!E85+MARCH!E85 -> 0 | F85: =JANUARY!F85+FEBRUARY!F85+MARCH!F85 -> 0 | G85: =JANUARY!G85+FEBRUARY!G85+MARCH!G85 -> 0 | H85: =JANUARY!H85+FEBRUARY!H85+MARCH!H85 -> 0 | I85: =JANUARY!I85+FEBRUARY!I85+MARCH!I85 -> 0 | J85: =JANUARY!J85+FEBRUARY!J85+MARCH!J85 -> 0 | ... AL85: =JANUARY!AL85+FEBRUARY!AL85+MARCH!AL85 -> 0 | AM85: =C85+E85+G85+I85+K85+M85+O85+Q85+S85+U85+W85+Y85+AA85+AC85+AE85+AG85+AI85+AK85 -> 0 | AN85: =D85+F85+H85+J85+L85+N85+P85+R85+T85+V85+X85+Z85+AB85+AD85+AF85+AH85+AJ85+AL85 -> 0 | AO85: =AM85+AN85 -> 0
A86: DYSMENORRHEA | C86: =JANUARY!C86+FEBRUARY!C86+MARCH!C86 -> 0 | D86: =JANUARY!D86+FEBRUARY!D86+MARCH!D86 -> 0 | E86: =JANUARY!E86+FEBRUARY!E86+MARCH!E86 -> 0 | F86: =JANUARY!F86+FEBRUARY!F86+MARCH!F86 -> 0 | G86: =JANUARY!G86+FEBRUARY!G86+MARCH!G86 -> 0 | H86: =JANUARY!H86+FEBRUARY!H86+MARCH!H86 -> 0 | I86: =JANUARY!I86+FEBRUARY!I86+MARCH!I86 -> 0 | J86: =JANUARY!J86+FEBRUARY!J86+MARCH!J86 -> 0 | ... AL86: =JANUARY!AL86+FEBRUARY!AL86+MARCH!AL86 -> 0 | AM86: =C86+E86+G86+I86+K86+M86+O86+Q86+S86+U86+W86+Y86+AA86+AC86+AE86+AG86+AI86+AK86 -> 0 | AN86: =D86+F86+H86+J86+L86+N86+P86+R86+T86+V86+X86+Z86+AB86+AD86+AF86+AH86+AJ86+AL86 -> 0 | AO86: =AM86+AN86 -> 0
C87: =JANUARY!C87+FEBRUARY!C87+MARCH!C87 -> 0 | D87: =JANUARY!D87+FEBRUARY!D87+MARCH!D87 -> 0 | E87: =JANUARY!E87+FEBRUARY!E87+MARCH!E87 -> 0 | F87: =JANUARY!F87+FEBRUARY!F87+MARCH!F87 -> 0 | G87: =JANUARY!G87+FEBRUARY!G87+MARCH!G87 -> 0 | H87: =JANUARY!H87+FEBRUARY!H87+MARCH!H87 -> 0 | I87: =JANUARY!I87+FEBRUARY!I87+MARCH!I87 -> 0 | J87: =JANUARY!J87+FEBRUARY!J87+MARCH!J87 -> 0 | ... AL87: =JANUARY!AL87+FEBRUARY!AL87+MARCH!AL87 -> 0 | AM87: =C87+E87+G87+I87+K87+M87+O87+Q87+S87+U87+W87+Y87+AA87+AC87+AE87+AG87+AI87+AK87 -> 0 | AN87: =D87+F87+H87+J87+L87+N87+P87+R87+T87+V87+X87+Z87+AB87+AD87+AF87+AH87+AJ87+AL87 -> 0 | AO87: =AM87+AN87 -> 0
C88: =JANUARY!C88+FEBRUARY!C88+MARCH!C88 -> 0 | D88: =JANUARY!D88+FEBRUARY!D88+MARCH!D88 -> 0 | E88: =JANUARY!E88+FEBRUARY!E88+MARCH!E88 -> 0 | F88: =JANUARY!F88+FEBRUARY!F88+MARCH!F88 -> 0 | G88: =JANUARY!G88+FEBRUARY!G88+MARCH!G88 -> 0 | H88: =JANUARY!H88+FEBRUARY!H88+MARCH!H88 -> 0 | I88: =JANUARY!I88+FEBRUARY!I88+MARCH!I88 -> 0 | J88: =JANUARY!J88+FEBRUARY!J88+MARCH!J88 -> 0 | ... AL88: =JANUARY!AL88+FEBRUARY!AL88+MARCH!AL88 -> 0 | AM88: =C88+E88+G88+I88+K88+M88+O88+Q88+S88+U88+W88+Y88+AA88+AC88+AE88+AG88+AI88+AK88 -> 0 | AN88: =D88+F88+H88+J88+L88+N88+P88+R88+T88+V88+X88+Z88+AB88+AD88+AF88+AH88+AJ88+AL88 -> 0 | AO88: =AM88+AN88 -> 0
C89: =JANUARY!C89+FEBRUARY!C89+MARCH!C89 -> 0 | D89: =JANUARY!D89+FEBRUARY!D89+MARCH!D89 -> 0 | E89: =JANUARY!E89+FEBRUARY!E89+MARCH!E89 -> 0 | F89: =JANUARY!F89+FEBRUARY!F89+MARCH!F89 -> 0 | G89: =JANUARY!G89+FEBRUARY!G89+MARCH!G89 -> 0 | H89: =JANUARY!H89+FEBRUARY!H89+MARCH!H89 -> 0 | I89: =JANUARY!I89+FEBRUARY!I89+MARCH!I89 -> 0 | J89: =JANUARY!J89+FEBRUARY!J89+MARCH!J89 -> 0 | ... AL89: =JANUARY!AL89+FEBRUARY!AL89+MARCH!AL89 -> 0 | AM89: =C89+E89+G89+I89+K89+M89+O89+Q89+S89+U89+W89+Y89+AA89+AC89+AE89+AG89+AI89+AK89 -> 0 | AN89: =D89+F89+H89+J89+L89+N89+P89+R89+T89+V89+X89+Z89+AB89+AD89+AF89+AH89+AJ89+AL89 -> 0 | AO89: =AM89+AN89 -> 0
C90: =JANUARY!C90+FEBRUARY!C90+MARCH!C90 -> 0 | D90: =JANUARY!D90+FEBRUARY!D90+MARCH!D90 -> 0 | E90: =JANUARY!E90+FEBRUARY!E90+MARCH!E90 -> 0 | F90: =JANUARY!F90+FEBRUARY!F90+MARCH!F90 -> 0 | G90: =JANUARY!G90+FEBRUARY!G90+MARCH!G90 -> 0 | H90: =JANUARY!H90+FEBRUARY!H90+MARCH!H90 -> 0 | I90: =JANUARY!I90+FEBRUARY!I90+MARCH!I90 -> 0 | J90: =JANUARY!J90+FEBRUARY!J90+MARCH!J90 -> 0 | ... AL90: =JANUARY!AL90+FEBRUARY!AL90+MARCH!AL90 -> 0 | AM90: =C90+E90+G90+I90+K90+M90+O90+Q90+S90+U90+W90+Y90+AA90+AC90+AE90+AG90+AI90+AK90 -> 0 | AN90: =D90+F90+H90+J90+L90+N90+P90+R90+T90+V90+X90+Z90+AB90+AD90+AF90+AH90+AJ90+AL90 -> 0 | AO90: =AM90+AN90 -> 0
A91: E
A92: ENT PROBLEM | C92: =JANUARY!C92+FEBRUARY!C92+MARCH!C92 -> 0 | D92: =JANUARY!D92+FEBRUARY!D92+MARCH!D92 -> 0 | E92: =JANUARY!E92+FEBRUARY!E92+MARCH!E92 -> 0 | F92: =JANUARY!F92+FEBRUARY!F92+MARCH!F92 -> 0 | G92: =JANUARY!G92+FEBRUARY!G92+MARCH!G92 -> 0 | H92: =JANUARY!H92+FEBRUARY!H92+MARCH!H92 -> 0 | I92: =JANUARY!I92+FEBRUARY!I92+MARCH!I92 -> 0 | J92: =JANUARY!J92+FEBRUARY!J92+MARCH!J92 -> 0 | ... AL92: =JANUARY!AL92+FEBRUARY!AL92+MARCH!AL92 -> 0 | AM92: =C92+E92+G92+I92+K92+M92+O92+Q92+S92+U92+W92+Y92+AA92+AC92+AE92+AG92+AI92+AK92 -> 0 | AN92: =D92+F92+H92+J92+L92+N92+P92+R92+T92+V92+X92+Z92+AB92+AD92+AF92+AH92+AJ92+AL92 -> 0 | AO92: =AM92+AN92 -> 0
A93: EAR INFECTION | C93: =JANUARY!C93+FEBRUARY!C93+MARCH!C93 -> 0 | D93: =JANUARY!D93+FEBRUARY!D93+MARCH!D93 -> 0 | E93: =JANUARY!E93+FEBRUARY!E93+MARCH!E93 -> 0 | F93: =JANUARY!F93+FEBRUARY!F93+MARCH!F93 -> 0 | G93: =JANUARY!G93+FEBRUARY!G93+MARCH!G93 -> 0 | H93: =JANUARY!H93+FEBRUARY!H93+MARCH!H93 -> 0 | I93: =JANUARY!I93+FEBRUARY!I93+MARCH!I93 -> 0 | J93: =JANUARY!J93+FEBRUARY!J93+MARCH!J93 -> 0 | ... AL93: =JANUARY!AL93+FEBRUARY!AL93+MARCH!AL93 -> 0 | AM93: =C93+E93+G93+I93+K93+M93+O93+Q93+S93+U93+W93+Y93+AA93+AC93+AE93+AG93+AI93+AK93 -> 0 | AN93: =D93+F93+H93+J93+L93+N93+P93+R93+T93+V93+X93+Z93+AB93+AD93+AF93+AH93+AJ93+AL93 -> 0 | AO93: =AM93+AN93 -> 0
A94: EPIGASTRIC PAIN | C94: =JANUARY!C94+FEBRUARY!C94+MARCH!C94 -> 0 | D94: =JANUARY!D94+FEBRUARY!D94+MARCH!D94 -> 0 | E94: =JANUARY!E94+FEBRUARY!E94+MARCH!E94 -> 0 | F94: =JANUARY!F94+FEBRUARY!F94+MARCH!F94 -> 0 | G94: =JANUARY!G94+FEBRUARY!G94+MARCH!G94 -> 0 | H94: =JANUARY!H94+FEBRUARY!H94+MARCH!H94 -> 0 | I94: =JANUARY!I94+FEBRUARY!I94+MARCH!I94 -> 0 | J94: =JANUARY!J94+FEBRUARY!J94+MARCH!J94 -> 0 | ... AL94: =JANUARY!AL94+FEBRUARY!AL94+MARCH!AL94 -> 0 | AM94: =C94+E94+G94+I94+K94+M94+O94+Q94+S94+U94+W94+Y94+AA94+AC94+AE94+AG94+AI94+AK94 -> 0 | AN94: =D94+F94+H94+J94+L94+N94+P94+R94+T94+V94+X94+Z94+AB94+AD94+AF94+AH94+AJ94+AL94 -> 0 | AO94: =AM94+AN94 -> 0
A95: EMPHYSEMA | C95: =JANUARY!C95+FEBRUARY!C95+MARCH!C95 -> 0 | D95: =JANUARY!D95+FEBRUARY!D95+MARCH!D95 -> 0 | E95: =JANUARY!E95+FEBRUARY!E95+MARCH!E95 -> 0 | F95: =JANUARY!F95+FEBRUARY!F95+MARCH!F95 -> 0 | G95: =JANUARY!G95+FEBRUARY!G95+MARCH!G95 -> 0 | H95: =JANUARY!H95+FEBRUARY!H95+MARCH!H95 -> 0 | I95: =JANUARY!I95+FEBRUARY!I95+MARCH!I95 -> 0 | J95: =JANUARY!J95+FEBRUARY!J95+MARCH!J95 -> 0 | ... AL95: =JANUARY!AL95+FEBRUARY!AL95+MARCH!AL95 -> 0 | AM95: =C95+E95+G95+I95+K95+M95+O95+Q95+S95+U95+W95+Y95+AA95+AC95+AE95+AG95+AI95+AK95 -> 0 | AN95: =D95+F95+H95+J95+L95+N95+P95+R95+T95+V95+X95+Z95+AB95+AD95+AF95+AH95+AJ95+AL95 -> 0 | AO95: =AM95+AN95 -> 0
A96: EYE DISORDER | C96: =JANUARY!C96+FEBRUARY!C96+MARCH!C96 -> 0 | D96: =JANUARY!D96+FEBRUARY!D96+MARCH!D96 -> 0 | E96: =JANUARY!E96+FEBRUARY!E96+MARCH!E96 -> 0 | F96: =JANUARY!F96+FEBRUARY!F96+MARCH!F96 -> 0 | G96: =JANUARY!G96+FEBRUARY!G96+MARCH!G96 -> 0 | H96: =JANUARY!H96+FEBRUARY!H96+MARCH!H96 -> 0 | I96: =JANUARY!I96+FEBRUARY!I96+MARCH!I96 -> 0 | J96: =JANUARY!J96+FEBRUARY!J96+MARCH!J96 -> 0 | ... AL96: =JANUARY!AL96+FEBRUARY!AL96+MARCH!AL96 -> 0 | AM96: =C96+E96+G96+I96+K96+M96+O96+Q96+S96+U96+W96+Y96+AA96+AC96+AE96+AG96+AI96+AK96 -> 0 | AN96: =D96+F96+H96+J96+L96+N96+P96+R96+T96+V96+X96+Z96+AB96+AD96+AF96+AH96+AJ96+AL96 -> 0 | AO96: =AM96+AN96 -> 0
A97: ECTHYMA | C97: =JANUARY!C97+FEBRUARY!C97+MARCH!C97 -> 0 | D97: =JANUARY!D97+FEBRUARY!D97+MARCH!D97 -> 0 | E97: =JANUARY!E97+FEBRUARY!E97+MARCH!E97 -> 0 | F97: =JANUARY!F97+FEBRUARY!F97+MARCH!F97 -> 0 | G97: =JANUARY!G97+FEBRUARY!G97+MARCH!G97 -> 0 | H97: =JANUARY!H97+FEBRUARY!H97+MARCH!H97 -> 0 | I97: =JANUARY!I97+FEBRUARY!I97+MARCH!I97 -> 0 | J97: =JANUARY!J97+FEBRUARY!J97+MARCH!J97 -> 0 | ... AL97: =JANUARY!AL97+FEBRUARY!AL97+MARCH!AL97 -> 0 | AM97: =C97+E97+G97+I97+K97+M97+O97+Q97+S97+U97+W97+Y97+AA97+AC97+AE97+AG97+AI97+AK97 -> 0 | AN97: =D97+F97+H97+J97+L97+N97+P97+R97+T97+V97+X97+Z97+AB97+AD97+AF97+AH97+AJ97+AL97 -> 0 | AO97: =AM97+AN97 -> 0
A98: EAR HEARING LOSS | C98: =JANUARY!C98+FEBRUARY!C98+MARCH!C98 -> 0 | D98: =JANUARY!D98+FEBRUARY!D98+MARCH!D98 -> 0 | E98: =JANUARY!E98+FEBRUARY!E98+MARCH!E98 -> 0 | F98: =JANUARY!F98+FEBRUARY!F98+MARCH!F98 -> 0 | G98: =JANUARY!G98+FEBRUARY!G98+MARCH!G98 -> 0 | H98: =JANUARY!H98+FEBRUARY!H98+MARCH!H98 -> 0 | I98: =JANUARY!I98+FEBRUARY!I98+MARCH!I98 -> 0 | J98: =JANUARY!J98+FEBRUARY!J98+MARCH!J98 -> 0 | ... AL98: =JANUARY!AL98+FEBRUARY!AL98+MARCH!AL98 -> 0 | AM98: =C98+E98+G98+I98+K98+M98+O98+Q98+S98+U98+W98+Y98+AA98+AC98+AE98+AG98+AI98+AK98 -> 0 | AN98: =D98+F98+H98+J98+L98+N98+P98+R98+T98+V98+X98+Z98+AB98+AD98+AF98+AH98+AJ98+AL98 -> 0 | AO98: =AM98+AN98 -> 0
A99: ERYTHEMA TOXICUM | C99: =JANUARY!C99+FEBRUARY!C99+MARCH!C99 -> 0 | D99: =JANUARY!D99+FEBRUARY!D99+MARCH!D99 -> 0 | E99: =JANUARY!E99+FEBRUARY!E99+MARCH!E99 -> 0 | F99: =JANUARY!F99+FEBRUARY!F99+MARCH!F99 -> 0 | G99: =JANUARY!G99+FEBRUARY!G99+MARCH!G99 -> 0 | H99: =JANUARY!H99+FEBRUARY!H99+MARCH!H99 -> 0 | I99: =JANUARY!I99+FEBRUARY!I99+MARCH!I99 -> 0 | J99: =JANUARY!J99+FEBRUARY!J99+MARCH!J99 -> 0 | ... AL99: =JANUARY!AL99+FEBRUARY!AL99+MARCH!AL99 -> 0 | AM99: =C99+E99+G99+I99+K99+M99+O99+Q99+S99+U99+W99+Y99+AA99+AC99+AE99+AG99+AI99+AK99 -> 0 | AN99: =D99+F99+H99+J99+L99+N99+P99+R99+T99+V99+X99+Z99+AB99+AD99+AF99+AH99+AJ99+AL99 -> 0 | AO99: =AM99+AN99 -> 0
A100: ECZEMA | C100: =JANUARY!C100+FEBRUARY!C100+MARCH!C100 -> 0 | D100: =JANUARY!D100+FEBRUARY!D100+MARCH!D100 -> 0 | E100: =JANUARY!E100+FEBRUARY!E100+MARCH!E100 -> 0 | F100: =JANUARY!F100+FEBRUARY!F100+MARCH!F100 -> 0 | G100: =JANUARY!G100+FEBRUARY!G100+MARCH!G100 -> 0 | H100: =JANUARY!H100+FEBRUARY!H100+MARCH!H100 -> 0 | I100: =JANUARY!I100+FEBRUARY!I100+MARCH!I100 -> 0 | J100: =JANUARY!J100+FEBRUARY!J100+MARCH!J100 -> 0 | ... AL100: =JANUARY!AL100+FEBRUARY!AL100+MARCH!AL100 -> 0 | AM100: =C100+E100+G100+I100+K100+M100+O100+Q100+S100+U100+W100+Y100+AA100+AC100+AE100+AG100+AI100+AK100 -> 0 | AN100: =D100+F100+H100+J100+L100+N100+P100+R100+T100+V100+X100+Z100+AB100+AD100+AF100+AH100+AJ100+AL100 -> 0 | AO100: =AM100+AN100 -> 0
A101: EPISTAXIS | C101: =JANUARY!C101+FEBRUARY!C101+MARCH!C101 -> 0 | D101: =JANUARY!D101+FEBRUARY!D101+MARCH!D101 -> 0 | E101: =JANUARY!E101+FEBRUARY!E101+MARCH!E101 -> 0 | F101: =JANUARY!F101+FEBRUARY!F101+MARCH!F101 -> 0 | G101: =JANUARY!G101+FEBRUARY!G101+MARCH!G101 -> 0 | H101: =JANUARY!H101+FEBRUARY!H101+MARCH!H101 -> 0 | I101: =JANUARY!I101+FEBRUARY!I101+MARCH!I101 -> 0 | J101: =JANUARY!J101+FEBRUARY!J101+MARCH!J101 -> 0 | ... AL101: =JANUARY!AL101+FEBRUARY!AL101+MARCH!AL101 -> 0 | AM101: =C101+E101+G101+I101+K101+M101+O101+Q101+S101+U101+W101+Y101+AA101+AC101+AE101+AG101+AI101+AK101 -> 0 | AN101: =D101+F101+H101+J101+L101+N101+P101+R101+T101+V101+X101+Z101+AB101+AD101+AF101+AH101+AJ101+AL101 -> 0 | AO101: =AM101+AN101 -> 0
A102: F
A103: FEVER | C103: =JANUARY!C103+FEBRUARY!C103+MARCH!C103 -> 0 | D103: =JANUARY!D103+FEBRUARY!D103+MARCH!D103 -> 0 | E103: =JANUARY!E103+FEBRUARY!E103+MARCH!E103 -> 0 | F103: =JANUARY!F103+FEBRUARY!F103+MARCH!F103 -> 0 | G103: =JANUARY!G103+FEBRUARY!G103+MARCH!G103 -> 0 | H103: =JANUARY!H103+FEBRUARY!H103+MARCH!H103 -> 0 | I103: =JANUARY!I103+FEBRUARY!I103+MARCH!I103 -> 0 | J103: =JANUARY!J103+FEBRUARY!J103+MARCH!J103 -> 0 | ... AL103: =JANUARY!AL103+FEBRUARY!AL103+MARCH!AL103 -> 0 | AM103: =C103+E103+G103+I103+K103+M103+O103+Q103+S103+U103+W103+Y103+AA103+AC103+AE103+AG103+AI103+AK103 -> 0 | AN103: =D103+F103+H103+J103+L103+N103+P103+R103+T103+V103+X103+Z103+AB103+AD103+AF103+AH103+AJ103+AL103 -> 0 | AO103: =AM103+AN103 -> 0
A104: FUNCTIONAL DYSPEPSIA | C104: =JANUARY!C104+FEBRUARY!C104+MARCH!C104 -> 0 | D104: =JANUARY!D104+FEBRUARY!D104+MARCH!D104 -> 0 | E104: =JANUARY!E104+FEBRUARY!E104+MARCH!E104 -> 0 | F104: =JANUARY!F104+FEBRUARY!F104+MARCH!F104 -> 0 | G104: =JANUARY!G104+FEBRUARY!G104+MARCH!G104 -> 0 | H104: =JANUARY!H104+FEBRUARY!H104+MARCH!H104 -> 0 | I104: =JANUARY!I104+FEBRUARY!I104+MARCH!I104 -> 0 | J104: =JANUARY!J104+FEBRUARY!J104+MARCH!J104 -> 0 | ... AL104: =JANUARY!AL104+FEBRUARY!AL104+MARCH!AL104 -> 0 | AM104: =C104+E104+G104+I104+K104+M104+O104+Q104+S104+U104+W104+Y104+AA104+AC104+AE104+AG104+AI104+AK104 -> 0 | AN104: =D104+F104+H104+J104+L104+N104+P104+R104+T104+V104+X104+Z104+AB104+AD104+AF104+AH104+AJ104+AL104 -> 0 | AO104: =AM104+AN104 -> 0
A105: FUNGAL INFECTION | C105: =JANUARY!C105+FEBRUARY!C105+MARCH!C105 -> 0 | D105: =JANUARY!D105+FEBRUARY!D105+MARCH!D105 -> 0 | E105: =JANUARY!E105+FEBRUARY!E105+MARCH!E105 -> 0 | F105: =JANUARY!F105+FEBRUARY!F105+MARCH!F105 -> 0 | G105: =JANUARY!G105+FEBRUARY!G105+MARCH!G105 -> 0 | H105: =JANUARY!H105+FEBRUARY!H105+MARCH!H105 -> 0 | I105: =JANUARY!I105+FEBRUARY!I105+MARCH!I105 -> 0 | J105: =JANUARY!J105+FEBRUARY!J105+MARCH!J105 -> 0 | ... AL105: =JANUARY!AL105+FEBRUARY!AL105+MARCH!AL105 -> 0 | AM105: =C105+E105+G105+I105+K105+M105+O105+Q105+S105+U105+W105+Y105+AA105+AC105+AE105+AG105+AI105+AK105 -> 0 | AN105: =D105+F105+H105+J105+L105+N105+P105+R105+T105+V105+X105+Z105+AB105+AD105+AF105+AH105+AJ105+AL105 -> 0 | AO105: =AM105+AN105 -> 0
A106: FOREIGN BODY ASPIRATION | C106: =JANUARY!C106+FEBRUARY!C106+MARCH!C106 -> 0 | D106: =JANUARY!D106+FEBRUARY!D106+MARCH!D106 -> 0 | E106: =JANUARY!E106+FEBRUARY!E106+MARCH!E106 -> 0 | F106: =JANUARY!F106+FEBRUARY!F106+MARCH!F106 -> 0 | G106: =JANUARY!G106+FEBRUARY!G106+MARCH!G106 -> 0 | H106: =JANUARY!H106+FEBRUARY!H106+MARCH!H106 -> 0 | I106: =JANUARY!I106+FEBRUARY!I106+MARCH!I106 -> 0 | J106: =JANUARY!J106+FEBRUARY!J106+MARCH!J106 -> 0 | ... AL106: =JANUARY!AL106+FEBRUARY!AL106+MARCH!AL106 -> 0 | AM106: =C106+E106+G106+I106+K106+M106+O106+Q106+S106+U106+W106+Y106+AA106+AC106+AE106+AG106+AI106+AK106 -> 0 | AN106: =D106+F106+H106+J106+L106+N106+P106+R106+T106+V106+X106+Z106+AB106+AD106+AF106+AH106+AJ106+AL106 -> 0 | AO106: =AM106+AN106 -> 0
A107: FURUNCLE | C107: =JANUARY!C107+FEBRUARY!C107+MARCH!C107 -> 0 | D107: =JANUARY!D107+FEBRUARY!D107+MARCH!D107 -> 0 | E107: =JANUARY!E107+FEBRUARY!E107+MARCH!E107 -> 0 | F107: =JANUARY!F107+FEBRUARY!F107+MARCH!F107 -> 0 | G107: =JANUARY!G107+FEBRUARY!G107+MARCH!G107 -> 0 | H107: =JANUARY!H107+FEBRUARY!H107+MARCH!H107 -> 0 | I107: =JANUARY!I107+FEBRUARY!I107+MARCH!I107 -> 1 | J107: =JANUARY!J107+FEBRUARY!J107+MARCH!J107 -> 0 | ... AL107: =JANUARY!AL107+FEBRUARY!AL107+MARCH!AL107 -> 0 | AM107: =C107+E107+G107+I107+K107+M107+O107+Q107+S107+U107+W107+Y107+AA107+AC107+AE107+AG107+AI107+AK107 -> 3 | AN107: =D107+F107+H107+J107+L107+N107+P107+R107+T107+V107+X107+Z107+AB107+AD107+AF107+AH107+AJ107+AL107 -> 1 | AO107: =AM107+AN107 -> 4
A108: FATTY LIVER | C108: =JANUARY!C108+FEBRUARY!C108+MARCH!C108 -> 0 | D108: =JANUARY!D108+FEBRUARY!D108+MARCH!D108 -> 0 | E108: =JANUARY!E108+FEBRUARY!E108+MARCH!E108 -> 0 | F108: =JANUARY!F108+FEBRUARY!F108+MARCH!F108 -> 0 | G108: =JANUARY!G108+FEBRUARY!G108+MARCH!G108 -> 0 | H108: =JANUARY!H108+FEBRUARY!H108+MARCH!H108 -> 0 | I108: =JANUARY!I108+FEBRUARY!I108+MARCH!I108 -> 0 | J108: =JANUARY!J108+FEBRUARY!J108+MARCH!J108 -> 0 | ... AL108: =JANUARY!AL108+FEBRUARY!AL108+MARCH!AL108 -> 0 | AM108: =C108+E108+G108+I108+K108+M108+O108+Q108+S108+U108+W108+Y108+AA108+AC108+AE108+AG108+AI108+AK108 -> 0 | AN108: =D108+F108+H108+J108+L108+N108+P108+R108+T108+V108+X108+Z108+AB108+AD108+AF108+AH108+AJ108+AL108 -> 0 | AO108: =AM108+AN108 -> 0
A109: FATIGUE | C109: =JANUARY!C109+FEBRUARY!C109+MARCH!C109 -> 0 | D109: =JANUARY!D109+FEBRUARY!D109+MARCH!D109 -> 0 | E109: =JANUARY!E109+FEBRUARY!E109+MARCH!E109 -> 0 | F109: =JANUARY!F109+FEBRUARY!F109+MARCH!F109 -> 0 | G109: =JANUARY!G109+FEBRUARY!G109+MARCH!G109 -> 0 | H109: =JANUARY!H109+FEBRUARY!H109+MARCH!H109 -> 0 | I109: =JANUARY!I109+FEBRUARY!I109+MARCH!I109 -> 0 | J109: =JANUARY!J109+FEBRUARY!J109+MARCH!J109 -> 0 | ... AL109: =JANUARY!AL109+FEBRUARY!AL109+MARCH!AL109 -> 0 | AM109: =C109+E109+G109+I109+K109+M109+O109+Q109+S109+U109+W109+Y109+AA109+AC109+AE109+AG109+AI109+AK109 -> 0 | AN109: =D109+F109+H109+J109+L109+N109+P109+R109+T109+V109+X109+Z109+AB109+AD109+AF109+AH109+AJ109+AL109 -> 0 | AO109: =AM109+AN109 -> 0
A110: FROZEN SHOULDER | C110: =JANUARY!C110+FEBRUARY!C110+MARCH!C110 -> 0 | D110: =JANUARY!D110+FEBRUARY!D110+MARCH!D110 -> 0 | E110: =JANUARY!E110+FEBRUARY!E110+MARCH!E110 -> 0 | F110: =JANUARY!F110+FEBRUARY!F110+MARCH!F110 -> 0 | G110: =JANUARY!G110+FEBRUARY!G110+MARCH!G110 -> 0 | H110: =JANUARY!H110+FEBRUARY!H110+MARCH!H110 -> 0 | I110: =JANUARY!I110+FEBRUARY!I110+MARCH!I110 -> 0 | J110: =JANUARY!J110+FEBRUARY!J110+MARCH!J110 -> 0 | ... AL110: =JANUARY!AL110+FEBRUARY!AL110+MARCH!AL110 -> 0 | AM110: =C110+E110+G110+I110+K110+M110+O110+Q110+S110+U110+W110+Y110+AA110+AC110+AE110+AG110+AI110+AK110 -> 0 | AN110: =D110+F110+H110+J110+L110+N110+P110+R110+T110+V110+X110+Z110+AB110+AD110+AF110+AH110+AJ110+AL110 -> 0 | AO110: =AM110+AN110 -> 0
A111: G
